id,domain,status,purchase_price,renewal_price,attractiveness,demand,length,registrar,created_at,expires_at,status_verified_at
98236f9f-ce93-4867-b4ab-7983fac6a1f6,atrial.life,available,2.98,46.48,low,low,6,namecheap,,,07/08/2026 14:24
db0486c3-908b-4d0c-8665-3916da533d52,vegetarian.life,resell,,,high,low,10,"Chengdu West Dimension Digital Technology Co., Ltd.",24/11/2016 17:12,24/11/2026 17:12,17/09/2026 10:08
ac02bcc2-f944-4fb3-abfa-4e7ce51190c2,granting.life,available,2.99,,high,low,8,name.com,,,
581e5e83-d844-414f-b444-0eaa54f7979d,nuclear.life,resell,,,high,low,7,"Sav.com, LLC - 3",17/09/2025 15:15,17/09/2026 15:15,
cffc9d71-af26-40de-b4ea-2a7c790e3ff9,animistic.life,available,2.98,46.48,medium,low,9,namecheap,,,
dad4bbd0-d9de-4640-a9bf-9551d07459f3,banned.life,resell,,,medium,low,6,"Sav.com, LLC - 47",03/09/2025 15:15,03/09/2027 15:15,24/09/2026 01:09
01866cb9-36ab-4c59-b82a-69b600807919,doubter.life,available,2.98,46.48,medium,low,7,namecheap,,,
aba21cc2-1475-452f-a86c-f10d31021909,say.life,resell,,,high,low,3,"Spaceship, Inc.",06/05/2023 15:15,06/05/2027 15:15,
4cb726cb-adf1-4e04-b267-1aa7e05ef6b3,judges.life,available,2.99,,high,low,6,name.com,,,
ae5b565c-6498-4a66-a30d-5994ca11ccbc,truly.life,resell,,,high,low,5,"DNSPod, Inc.",16/06/2023 17:00,16/06/2026 17:00,
8ff10be0-f86b-4d07-885f-9685db1658f6,xmas.life,resell,2.99,,high,low,4,"Sav.com, LLC",25/04/2026 12:46,25/04/2027 12:46,
695ed086-8379-4d7b-8439-4f5908d29e0a,concentrated.life,available,2.99,35.99,high,low,12,namesilo,,,
dd3fc2d5-9470-4825-9b34-ea43e2c2f0d9,ricefield.life,available,2.99,,high,low,10,name.com,,,
48105532-d3eb-4c37-887b-4efdf7a8319e,involving.life,available,2.99,,medium,low,9,name.com,,,
bb45adfb-a000-468c-a674-0dafac3ae469,fanny.life,available,2.98,46.48,medium,low,5,namecheap,,,09/08/2026 12:00
432ff1f7-bd42-4e35-b51d-dd136743f3a2,bang.life,resell,,,high,low,4,"Chengdu West Dimension Digital Technology Co., Ltd.",09/12/2016 12:37,09/12/2026 12:37,18/09/2026 04:49
9461f380-07ed-40be-b202-f827d91c4be6,broadly.life,available,2.99,35.99,high,low,7,namesilo,,,
bb986924-0a03-483d-b718-1996e1a074df,nebula.life,resell,,,high,low,6,Dynadot Inc,20/06/2018 00:48,20/06/2027 00:48,
b4e2fe64-08cd-48fb-80f6-31643f8da0e6,abide.life,resell,,,high,low,5,Dynadot Inc,03/11/2019 02:06,03/11/2026 02:06,
40cab2be-caff-4638-8edb-c73e1cf0a18b,recently.life,available,2.99,,high,low,8,name.com,,,
1734ef5f-55e7-40c8-a3dd-2811c954eb67,tyrannical.life,available,2.98,46.48,medium,low,10,namecheap,,,07/08/2026 19:12
f400e36a-55ba-4264-8f6f-feb5a5066c85,maze.life,resell,,,high,low,4,"DNSPod, Inc.",07/11/2019 23:53,07/11/2026 23:53,
31cc1467-7a44-48a0-acfd-1f7384e8581d,tried.life,available,,,high,low,5,,,,
68755cd3-8402-453c-88ef-27e9795f8558,allotropic.life,available,2.98,46.48,medium,low,10,namecheap,,,
3684ecad-8a87-4cfe-a6cc-c7d1e9bec6a0,trounce.life,available,2.98,46.48,medium,low,7,namecheap,,,09/08/2026 05:27
46d43f1c-3714-49fd-881a-7fb28edabc96,cloud.life,resell,,,high,medium,5,INWX GmbH,09/09/2014 20:03,09/09/2027 20:03,24/09/2026 07:50
b8ac6dbd-d5e8-422f-8160-9ec21d9b0e3e,donkey.life,resell,,,high,low,6,"Sav.com, LLC - 22",20/09/2025 15:15,20/09/2026 15:15,
87c07550-ccd0-4246-98a8-abdbf8d01869,sumbuddy.life,available,2.99,,low,low,8,name.com,,,
46e3ffab-e0d3-4dc6-9b72-e36ee79f3574,bardic.life,available,2.98,46.48,medium,low,6,namecheap,,,08/08/2026 18:00
67d6b593-da37-40a9-9fdb-d6a09428cccc,across.life,resell,,,high,low,6,"Chengdu West Dimension Digital Technology Co., Ltd.",23/12/2018 07:52,23/12/2026 07:52,
d49f9a2b-9085-4713-91f1-c5de5cf8e522,consultant.life,resell,,,high,low,10,"Spaceship, Inc.",07/07/2025 15:15,07/07/2027 15:15,17/09/2026 20:41
b9be6cb1-ad7c-42bf-aef5-b8ed8ecc2eb2,stick.life,resell,,,high,low,5,"DNSPod, Inc.",12/11/2018 12:40,12/11/2026 12:40,
b0d18df1-38ba-4e8c-8f3f-e6b68f6bc3e3,ballistic.life,available,2.98,46.48,medium,low,9,namecheap,,,08/08/2026 10:31
6c6cd856-33a3-43dc-986a-7bca766e2a3a,respectfully.life,available,2.99,,high,low,12,name.com,,,
b4067408-0674-4252-a218-e543420deea5,during.life,resell,,,medium,low,6,"Sav.com, LLC",05/04/2026 11:52,05/04/2027 11:52,
a2bbf1ef-35dc-42d8-9199-0fa7cc6ee502,batwing.life,available,2.98,46.48,medium,low,7,namecheap,,,09/08/2026 01:49
2f14875e-937c-425c-b78b-6a32a599d428,wandering.life,resell,,,high,low,9,"DNSPod, Inc.",19/07/2025 15:15,19/07/2027 15:15,19/09/2026 12:36
5cfd578a-1c17-466b-921e-fbecea8081df,reasonably.life,available,2.99,,medium,low,10,name.com,,,
19644d68-ce77-4b32-9e82-245485470580,whilst.life,available,2.99,,medium,low,6,name.com,,,
8310b8e2-22cc-4f3e-9750-5d31bdac6312,nyse.life,available,2.99,,high,low,4,name.com,,,
5e9bc2f2-bdce-4740-8ac2-1aa3b4f0947d,complaint.life,available,2.99,35.99,high,low,9,namesilo,,,
1910d92b-9c6d-4916-b208-6719491837fe,selfworth.life,available,2.99,,high,low,10,name.com,,,
0c89417a-0fc3-4237-b370-62d7acab7a64,optionally.life,available,2.99,,high,low,10,name.com,,,
4728b4b4-a0c4-465b-b91d-02af9f26b3b4,allotted.life,available,2.98,46.48,high,low,8,namecheap,,,
4da4a020-6e53-49ed-905c-9eb31be39d77,shoes.life,resell,,,high,low,5,"Chengdu West Dimension Digital Technology Co., Ltd.",12/12/2025 15:15,12/12/2026 15:15,
120b4695-a563-468e-8b02-ece86b15c322,golf.life,resell,,,high,medium,4,"Sav.com, LLC",09/02/2026 18:34,09/02/2027 18:34,
57a1b0b4-34f2-4c01-880d-26352dd215a5,hearable.life,available,2.98,46.48,medium,low,8,namecheap,,,07/08/2026 16:35
7574886d-4b2c-49c1-823c-4accd2a23f18,grownup.life,resell,,,high,low,7,"Sav.com, LLC - 42",15/12/2025 15:15,15/12/2026 15:15,
13730b2d-773c-45f2-a62f-13476d4775b5,invincible.life,resell,,,high,low,10,"Sav.com, LLC - 37",09/02/2026 15:15,09/02/2027 15:15,
ace3e6a8-2856-49e0-80be-a83c4770b830,courtyard.life,resell,,,high,low,9,Xin Net Technology Corporation,17/07/2024 17:00,17/07/2027 17:00,19/09/2026 10:22
9a45612f-054e-4325-8b36-49f6e1353e4e,affine.life,available,2.98,46.48,high,low,6,namecheap,,,
b8abba0c-fdf4-4361-bd3e-5aece7ef117e,occurring.life,available,2.99,,high,low,9,name.com,,,
42965064-7780-44b5-a9a9-17a00e08ae32,masculine.life,resell,,,high,low,9,"Sav.com, LLC - 3",25/10/2025 15:15,25/10/2026 15:15,
1bc0908e-107b-47a2-8a5f-cb78b3be71c1,hair.life,resell,,,high,low,4,Xin Net Technology Corporation,21/02/2019 08:18,21/02/2027 08:18,
eb852c1a-9a97-47dc-a1ea-4fcccaed779d,laziness.life,available,2.99,,medium,low,8,name.com,,,
befbbb4d-d72b-4cda-a132-19d3478f7ea9,insurance.life,resell,,,high,medium,9,"Chengdu West Dimension Digital Technology Co., Ltd.",17/09/2019 10:11,17/09/2027 10:11,
e89bfae4-f1ea-40c8-ad29-715ea4ff5b84,holly.life,resell,,,high,low,5,Xin Net Technology Corporation,27/07/2023 15:15,27/07/2027 15:15,20/09/2026 01:40
48d2145d-f0d9-49d1-99b2-47c9f8426c46,rail.life,resell,,,high,low,4,"Chengdu West Dimension Digital Technology Co., Ltd.",21/07/2022 13:15,21/07/2027 13:15,
3b29de43-2d9c-43a1-9b77-9a702289758e,andalusian.life,available,2.98,46.48,high,low,10,namecheap,,,
cdf63fcf-40d2-49dc-93d5-29b8c73bf213,prat.life,available,2.98,46.48,medium,low,4,namecheap,,,09/08/2026 11:18
3e02b270-af2c-43c8-a821-92dddbc19cb2,career.life,resell,,,high,low,6,"Chengdu West Dimension Digital Technology Co., Ltd.",01/04/2021 22:40,01/04/2027 22:40,
9a14ea6a-9cb1-4604-a6d5-d793a43de73d,aggregated.life,available,2.98,46.48,high,low,10,namecheap,,,
313da776-acfb-47c7-94f8-818f3e18a900,plants.life,resell,,,high,low,6,Xin Net Technology Corporation,26/06/2023 15:15,26/06/2027 15:15,
590cf80b-543b-41cd-a9e0-e88de5460921,lambent.life,available,2.98,46.48,medium,low,7,namecheap,,,
c14de0f1-7f82-47b3-bec0-c2d629966ef7,determine.life,available,2.99,35.99,high,low,9,namesilo,,,
a1c56ffe-9e80-47db-8d2b-b175ce4930ec,spine.life,resell,,,high,low,5,Xin Net Technology Corporation,16/03/2022 13:15,16/03/2027 13:15,
6a21e8f1-404b-47be-b0e1-3b64cb4f7a7c,watson.life,available,,,high,low,6,,,,
e5bff33a-4b8a-44bf-8098-ebb80d19dc43,closest.life,available,2.99,35.99,high,low,7,namesilo,,,
bdbb4299-6119-4967-9184-e47cf3a7abf1,kilo.life,resell,,,high,low,4,"Sav.com, LLC - 20",18/11/2025 15:15,18/11/2026 15:15,
59b3f813-f818-40c6-ae8b-91f3f57c550c,empowering.life,resell,,,high,low,10,Xin Net Technology Corporation,18/03/2020 21:30,18/03/2027 21:30,
a05ee62a-c783-4429-b315-a17170aa8cba,lvi.life,available,2.98,46.48,high,low,3,namecheap,,,
05d41031-a8fc-4583-b974-5c23c2eb6544,childhood.life,resell,,,high,low,9,"Sav.com, LLC - 5",12/09/2025 15:15,12/09/2026 15:15,
3235c2b3-c045-4d41-95a1-4867a209e787,perfectly.life,resell,,,high,low,9,Xin Net Technology Corporation,22/07/2024 17:00,22/07/2027 17:00,19/09/2026 18:18
dddd3bd2-fdbf-4e4f-b4c5-b77bf34b9e88,lxxxiii.life,available,2.98,46.48,medium,low,7,namecheap,,,
a6c5e904-a445-418b-8b90-26860a7dba2e,arresting.life,available,2.98,46.48,high,low,9,namecheap,,,06/08/2026 21:47
049210cd-6821-4203-b77f-b2e31567f97c,torturing.life,available,2.98,46.48,medium,low,9,namecheap,,,
f8253353-9592-430b-910e-c7c0692065c9,mouthwash.life,available,2.99,,high,low,10,name.com,,,
398eb660-548e-4d25-9bfa-67c35d68764b,grass.life,resell,,,high,low,5,"Chengdu West Dimension Digital Technology Co., Ltd.",20/05/2021 18:06,20/05/2027 18:06,
583d3f79-f1b4-4d58-9563-029b1d736865,recognition.life,available,2.99,,high,low,11,name.com,,,
14126cfa-0f57-4fb7-aa31-98a40ca676b8,male.life,resell,,,high,low,4,Xin Net Technology Corporation,07/03/2024 15:15,07/03/2027 15:15,
3c33c358-314b-4492-97b2-09c96cb1fc36,bull.life,resell,,,high,low,4,"DNSPod, Inc.",28/04/2019 00:59,28/04/2027 00:59,
35a9dc02-e77b-4804-a653-f52574a900b5,aloud.life,available,2.99,35.99,high,low,5,namesilo,,,
3642e393-90b7-47e1-ac6c-14660b57ebf6,monitoring.life,resell,,,high,low,10,"DNSPod, Inc.",23/01/2021 04:36,23/01/2027 04:36,
049f801c-6ff9-471c-859a-322680b6dd35,atavistic.life,available,2.98,46.48,low,low,9,namecheap,,,07/08/2026 12:55
f6e1b4b4-4ffe-4cce-b292-7bcd20a78d55,bonus.life,resell,,,high,low,5,"DNSPod, Inc.",31/10/2018 16:16,31/10/2026 16:16,
f31eb9dc-3880-49bf-82ec-f7cafc130019,whiskered.life,available,2.98,46.48,medium,low,9,namecheap,,,08/08/2026 16:15
1b02b7ac-bbcf-48be-939c-97dcbd11a609,ripe.life,resell,,,high,low,4,Xin Net Technology Corporation,10/07/2019 05:25,10/07/2027 05:25,18/09/2026 01:19
acf97869-06ef-45b1-bca0-79b4474aec2b,chased.life,available,2.99,35.99,high,low,6,namesilo,,,
22c44373-014e-4d8a-8be6-e8358cf695b6,rhiannon.life,available,2.99,,high,low,8,name.com,,,
4cf0218b-2caa-4135-bb8f-4c3f7dc78205,backless.life,available,2.98,46.48,high,low,8,namecheap,,,08/08/2026 05:48
5f1c098f-c1ff-4833-b9ee-893a9fc92b41,laundry.life,resell,,,high,low,7,Xin Net Technology Corporation,31/01/2023 15:15,31/01/2027 15:15,
6cd9909c-0d51-4bbc-a755-e52ab920ec03,lxxxvi.life,available,2.98,46.48,medium,low,6,namecheap,,,
a168f13f-5850-4ba2-80c7-a8ae900f4aef,eat.life,resell,,,high,low,3,"Chengdu West Dimension Digital Technology Co., Ltd.",05/10/2016 05:21,05/10/2026 05:21,
707ff26b-3a77-4e41-80f7-162f0a7bbb67,snore.life,resell,,,high,low,5,"Sav.com, LLC - 36",16/02/2026 15:15,16/02/2027 15:15,
e36fba6b-5347-4a9a-9fd0-0ce22dc57935,there.life,resell,,,high,low,5,"Sav.com, LLC - 43",11/01/2026 15:16,11/01/2027 15:16,
b3a68dc3-66d0-4467-8d7a-3d1a43bff9b7,exhale.life,resell,,,high,low,6,Xin Net Technology Corporation,17/03/2022 13:15,17/03/2027 13:15,
de2103bd-9584-4900-a033-7c3fada9a4f5,ash.life,resell,,,high,low,3,"Chengdu West Dimension Digital Technology Co., Ltd.",24/01/2018 08:07,24/01/2027 08:07,
2208ec03-23af-4aa2-bae9-6a6bc2abe2ae,beauteous.life,available,2.98,46.48,high,low,9,namecheap,,,09/08/2026 05:58
5b730964-6364-4a08-8293-856890484e10,unfair.life,resell,,,high,low,6,"Sav.com, LLC - 4",26/10/2025 15:16,26/10/2026 15:16,
4cfa1f5b-3fcb-4ad6-9805-4ac130e0e08c,hunger.life,resell,,,high,low,6,Dynadot Inc,28/12/2017 08:16,28/12/2026 08:16,
aad3ab5e-da08-48e4-8d34-c83fde330229,simply.life,resell,,,high,low,6,"GoDaddy.com, LLC",17/09/2014 16:00,17/09/2028 16:00,
7a84b5f8-5a55-47c0-ba51-fe6d4db136b4,squat.life,resell,,,high,low,5,"Sav.com, LLC - 17",05/06/2025 15:15,05/06/2026 15:15,
400456be-bf6b-4c32-a9d4-f857132454c3,resolvable.life,available,2.99,,high,low,10,name.com,,,
93d28306-12b0-465e-83f5-f8ee6f314447,young.life,resell,,,high,low,5,"Spaceship, Inc.",15/09/2018 23:28,15/09/2026 23:28,
c860afc0-e027-46d3-aeeb-8899c13865fb,walk.life,resell,,,high,low,4,"Chengdu West Dimension Digital Technology Co., Ltd.",04/02/2018 15:07,04/02/2027 15:07,
e3b8a7ca-40d9-4463-a671-4b46ed53f408,alar.life,available,,,medium,low,4,,,,
ff30f45e-5ba9-4c1a-84ff-af45863c71ec,awed.life,available,,,high,low,4,,,,
89c176c9-10a1-44d3-b0ce-96618b322aa9,quantities.life,available,2.99,,low,low,10,name.com,,,
40a6e7b3-b176-4f02-be96-288bbdd97a4c,specific.life,resell,,,high,low,8,"Sav.com, LLC - 3",14/04/2025 15:15,14/04/2027 15:15,
715f957e-0deb-4113-89ab-a670bb402da3,accept.life,resell,,,high,low,6,"Sav.com, LLC - 7",17/10/2025 15:15,17/10/2026 15:15,
c2225164-cfa9-47ce-8835-48f0fb2622e1,profession.life,resell,,,high,low,10,"Xiamen ChinaSource Internet Service Co., Ltd",18/11/2023 17:00,18/11/2026 17:00,
ec70a21d-5531-433b-8dd0-8d97ad21a5df,flack.life,available,2.98,46.48,medium,low,5,namecheap,,,
351bef29-2702-40d8-ab31-b5dde03b3c86,problem.life,resell,,,high,low,7,"DNSPod, Inc.",26/04/2018 12:43,26/04/2027 12:43,
f54ecd78-4c3b-47cd-9ac4-aea9d9d66077,branch.life,resell,,,high,low,6,"DNSPod, Inc.",01/12/2020 05:12,01/12/2026 05:12,
67848fad-bf95-40ab-a3f1-82286b395d8b,tangle.life,resell,,,high,low,6,"Sav.com, LLC",06/03/2026 19:57,06/03/2027 19:57,
a0b1efc8-488c-456f-8f3d-903fd25416a1,velocity.life,resell,,,high,low,8,"Chengdu West Dimension Digital Technology Co., Ltd.",08/12/2020 03:15,08/12/2027 03:15,
a59482e2-f3fa-4780-8b4f-017a6c423c7f,jolly.life,resell,,,high,low,5,"Chengdu West Dimension Digital Technology Co., Ltd.",24/03/2017 18:12,24/03/2027 18:12,
ff02dbca-bcd8-4063-a0d5-96a0c453b74d,prone.life,available,2.99,,medium,low,5,name.com,,,
36c5add5-83d4-4179-9b42-24a511b7fab5,waters.life,resell,,,high,low,6,"GoDaddy.com, LLC",02/04/2020 08:08,02/04/2027 08:08,
b07b3400-2f55-4ee4-a598-51d9fd167328,board.life,resell,,,high,low,5,"Xiamen ChinaSource Internet Service Co., Ltd",16/12/2025 15:15,16/12/2026 15:15,
f5a88d15-5cb8-4642-8aa5-4f8c3d3e2f3a,scripted.life,resell,,,high,low,8,"Sav.com, LLC - 14",13/08/2025 15:15,13/08/2027 15:15,20/09/2026 20:18
efd6d701-9133-4ff8-ab6f-ef6688ba66db,relatively.life,available,2.99,,high,low,10,name.com,,,
94e5d1ba-4261-4499-af20-1447cbd82d77,acceptive.life,available,2.98,46.48,medium,low,9,namecheap,,,
defc063b-db4a-493b-96bd-4d715212f856,anesthesia.life,available,2.99,35.99,high,low,10,namesilo,,,
81eaa9c1-7954-4527-8830-a5a1027df224,chanukkah.life,available,2.99,35.99,medium,low,9,namesilo,,,
d68e355e-7b3c-4118-a1b1-cea8f10c713f,disregarded.life,available,2.99,35.99,medium,low,11,namesilo,,,
fcffdef9-5845-4999-9ddd-e242cd72dcd5,wiring.life,available,2.99,,high,low,6,name.com,,,
f1486d31-4451-43fc-b092-d20c9a83737f,evaluative.life,available,2.98,46.48,medium,low,10,namecheap,,,06/08/2026 08:13
f7a0c7eb-d25e-41ec-b162-f0585b924a85,soldiers.life,premium,46.2,92.4,medium,low,8,namecheap,,,
c556b0ec-7dec-4645-aecb-cdb56b541a8f,helping.life,resell,,,high,low,7,"DNSPod, Inc.",04/12/2020 07:05,04/12/2026 07:05,
60f67b58-320e-40b6-882d-0b8e20c50263,anterior.life,available,2.98,46.48,high,low,8,namecheap,,,
fb626bdc-de54-4518-86e3-b664da2e77d3,elias.life,resell,,,high,low,5,"GoDaddy.com, LLC",18/04/2025 17:01,18/04/2027 17:01,
c3523fa1-4103-4975-9866-3e8b20ebb9d3,linked.life,resell,,,high,low,6,"DNSPod, Inc.",06/11/2018 09:20,06/11/2026 09:20,
fe16ab35-2fea-4c9e-95a6-fdea2fa7a1fb,albinotic.life,available,2.98,46.48,medium,low,9,namecheap,,,
1876a54f-4570-4fad-8846-8d6d603f744f,environmental.life,resell,,,high,low,13,Xin Net Technology Corporation,23/02/2022 13:15,23/02/2027 13:15,
7e75305a-a42f-473f-8cd2-639864e55cb7,update.life,resell,,,high,low,7,Xin Net Technology Corporation,02/07/2018 08:07,02/07/2027 08:07,17/09/2026 09:57
7790128f-788f-4652-9537-4579df774973,ribbon.life,resell,,,high,low,6,Squarespace Domains II LLC,31/12/2019 09:30,31/12/2026 09:30,
70b16cf4-f1c5-404f-bf07-d8cd712c0866,roller.life,resell,,,high,low,6,Xin Net Technology Corporation,09/02/2023 17:01,09/02/2027 17:01,
94f896d9-33d1-498b-9c4c-8e26e2d8ba04,sweat.life,resell,,,high,low,5,Xin Net Technology Corporation,30/08/2018 23:24,30/08/2027 23:24,22/09/2026 23:07
18316c1b-a773-472d-9c9c-bb707f47bd6e,chew.life,resell,,,high,low,4,"Sav.com, LLC - 34",13/04/2026 15:16,13/04/2027 15:16,
c3688e6b-49f0-400f-8333-30ec346ec5ce,discomfort.life,available,2.99,35.99,high,low,10,namesilo,,,
66f6da94-e63d-471d-a86b-4c2a4ad25736,requirement.life,available,2.99,,high,low,11,name.com,,,
ff3bb8bf-031d-4655-82f1-26a77d102353,would.life,available,2.99,,high,low,5,name.com,,,
d91a84c7-6c15-4307-b3eb-80b577755245,irons.life,available,2.99,,high,low,5,name.com,,,
30a53e07-bfd5-4002-827c-e8694e184fa9,approval.life,resell,,,high,low,8,"Sav.com, LLC - 16",16/02/2026 15:15,16/02/2027 15:15,08/09/2026 15:18
e69211a1-5471-43a4-978e-f1b469cd5d00,ventral.life,available,2.98,46.48,high,low,7,namecheap,,,
9694e04a-db0c-4fc8-8a12-8f33140af1c0,bra.life,resell,,,high,low,3,"Chengdu West Dimension Digital Technology Co., Ltd.",24/02/2018 23:43,24/02/2027 23:43,
70d2dcf9-ef1d-4048-8c56-c623d642920a,midget.life,available,2.98,46.48,high,low,6,namecheap,,,08/08/2026 14:19
74cc2330-85f8-4ae7-98cf-67a5b2d7a735,appalled.life,available,2.98,46.48,medium,low,8,namecheap,,,
12097fe2-6b4f-4db8-9054-25184cecfff2,gmail.life,available,,,high,medium,5,,,,
bf988b6d-6bba-46fb-aad0-3c92f2bdb5e5,pleasing.life,resell,,,high,low,8,Dynadot Inc,08/12/2025 06:51,08/12/2026 06:51,
95f8de9f-365d-4cc7-b6a1-f161a464b704,engrossing.life,available,2.98,46.48,high,low,10,namecheap,,,
45deaba6-cef9-424f-9085-68e15c908627,democracy.life,resell,,,high,low,9,Xin Net Technology Corporation,06/07/2020 16:10,06/07/2027 16:10,17/09/2026 19:07
1f214475-769c-47a9-8d94-0ad10be9c059,kilometre.life,available,2.99,,high,low,9,name.com,,,
6bc57c35-9e4a-4daa-b7d9-2be15057af88,rocket.life,resell,,,high,medium,6,"Chengdu West Dimension Digital Technology Co., Ltd.",26/04/2018 22:36,26/04/2030 22:36,
d797a94d-02aa-4dee-b90c-39edc1d1bb50,brute.life,available,2.98,46.48,high,low,5,namecheap,,,
1d408763-ecd7-49a7-bae6-f011a002a695,amuck.life,available,2.98,46.48,medium,low,5,namecheap,,,
5910761a-13b2-4f20-8817-deec5ad86b31,difficulty.life,available,2.99,35.99,high,low,10,namesilo,,,
a1ad9788-b6f5-42ad-9e79-d439b58a6794,lookout.life,resell,,,high,low,7,"Sav.com, LLC - 25",22/11/2025 15:15,22/11/2026 15:15,
c9e09613-497c-4792-bd69-1aed35033ae5,bahamas.life,available,,,high,low,7,,,,
e9b661e7-6b50-46e3-aa27-f43cb9bc2989,smoking.life,resell,,,high,low,7,"Sav.com, LLC - 9",10/10/2025 15:15,10/10/2026 15:15,
92615e65-7e24-4181-acaa-a007a15cef54,circinate.life,available,2.98,46.48,high,low,9,namecheap,,,
2868f0cf-6567-4f6e-886b-1561a5e4dd9e,guys.life,resell,,,high,low,4,"Xiamen ChinaSource Internet Service Co., Ltd",16/10/2025 15:15,16/10/2026 15:15,
8c676e40-1cd4-4599-92cb-93e67d77f771,ataractic.life,available,2.98,46.48,medium,low,9,namecheap,,,07/08/2026 12:44
b60ae056-05b2-423d-b29a-28a94cb32929,afghani.life,available,2.98,46.48,medium,low,7,namecheap,,,
31f61891-bf2b-466d-b3ed-f6ca79758f7c,abactinal.life,available,2.98,46.48,medium,low,9,namecheap,,,
3a7a61ef-ea34-49de-bd41-81441cdd8258,recent.life,resell,,,high,low,6,Squarespace Domains II LLC,07/01/2021 02:35,07/01/2027 02:35,
1df302d2-3454-4cf2-972f-9e295dc4d392,ellen.life,resell,,,high,low,5,"DNSPod, Inc.",07/04/2025 15:15,07/04/2027 15:15,
ec36ec45-5864-4c26-aa36-948bf1756a8d,axile.life,available,2.98,46.48,medium,low,5,namecheap,,,08/08/2026 01:56
e82bf9ed-074b-40ac-93f3-68801069d8cb,aboulic.life,available,2.98,46.48,medium,low,7,namecheap,,,
57513ca3-c302-48a6-93b5-154b6aee63da,france.life,available,,,high,low,6,,,,
842cb61a-25e1-4555-9fb7-858bb86710bf,construction.life,resell,,,high,low,12,"Spaceship, Inc.",23/09/2018 23:19,23/09/2026 23:19,
83a7410b-eb8c-45c1-a855-cb7f0395fd41,whiten.life,available,2.99,,high,low,6,name.com,,,
51b8afd3-7c86-472b-974e-2d2f4280fa0a,corona.life,available,,,high,low,6,,,,
7c6df789-cb24-4b0e-9e43-f6580ff1c8fc,finalize.life,available,2.99,,high,low,8,name.com,,,
04422de2-7931-4ac3-9021-e639564aa9d4,trite.life,available,2.98,46.48,medium,low,5,namecheap,,,08/08/2026 11:19
62ad1378-b479-4825-8168-33a8284ad31d,preview.life,resell,,,high,low,7,"DNSPod, Inc.",24/04/2020 19:06,24/04/2027 19:06,
cfab3309-7b4d-44a2-a3b9-558bca409150,unpaid.life,available,2.98,46.48,high,low,6,namecheap,,,
0770432f-dbc0-4ad4-b86f-89e4cc59454e,prototypal.life,available,2.98,46.48,medium,low,10,namecheap,,,06/08/2026 15:37
3346150a-90f9-4725-b8c9-7d08d2536279,copy.life,resell,,,high,low,4,Squarespace Domains II LLC,04/01/2025 15:15,04/01/2027 15:15,
e440dc55-cfad-4b1d-8f63-a8c293df0423,ally.life,available,,,high,low,4,,,,
1ed8a9fb-36ce-42ae-bad3-9aab729ae509,loyal.life,resell,,,high,low,5,Dynadot Inc,13/05/2018 08:24,13/05/2027 08:24,
86b0d214-c1cc-44e8-a837-f90c04609837,parliamentary.life,available,2.99,,medium,low,13,name.com,,,
955e4326-c240-4005-8062-c082677493d4,analgesic.life,available,2.98,46.48,high,low,9,namecheap,,,
8e611c48-d7f1-4e43-ae78-6abc9828cb0e,glitter.life,resell,,,high,low,7,Xin Net Technology Corporation,01/09/2018 02:49,01/09/2027 02:49,23/09/2026 21:52
06c843e6-a0e5-4ffa-b709-0ee324fd3d54,plastic.life,resell,,,high,low,7,"DNSPod, Inc.",12/01/2017 14:35,12/01/2027 14:35,
56915022-3ac5-40a9-9bca-87c84bcc622e,jewelry.life,resell,,,high,low,7,Xin Net Technology Corporation,03/03/2019 23:16,03/03/2027 23:16,
48d8165b-b713-46bc-a246-8a4650de37c0,aol.life,available,,,high,low,3,,,,
ee14e6ca-c6ed-405d-89d8-65081ecf342e,lapse.life,resell,,,high,low,5,"Sav.com, LLC - 4",01/06/2025 15:15,01/06/2026 15:15,
29769b94-5bfa-41c8-af67-903b777da64e,delivery.life,resell,,,high,low,8,"Spaceship, Inc.",10/11/2021 13:15,10/11/2026 13:15,
85db0a09-b10f-41f1-b6c4-ec72ce6ea4c7,obscene.life,available,2.98,46.48,high,low,7,namecheap,,,
b8c27b7b-aa27-4d2d-a424-aa061f92ebd6,bags.life,resell,,,high,low,4,"Chengdu West Dimension Digital Technology Co., Ltd.",14/02/2022 13:15,14/02/2027 13:15,
427053c4-43a9-46d7-a7c3-8e64e6f76cb4,applaud.life,available,2.99,35.99,high,low,7,namesilo,,,
fb23eee8-b3e0-4b97-aa1a-40254bc2887a,antipodal.life,available,2.98,46.48,medium,low,9,namecheap,,,
6836f06c-22e5-4a51-bc76-bb744de6269d,icu.life,resell,,,high,low,3,Squarespace Domains II LLC,29/11/2023 15:15,29/11/2026 15:15,
27c6f431-c4f0-4384-860f-1959fc11ca6e,scrubbed.life,available,2.99,,high,low,8,name.com,,,
8ecf13e7-fa66-4ae7-9e36-e8e46e41ecba,accordant.life,available,2.98,46.48,high,low,9,namecheap,,,
55e2966d-328c-4096-b0f0-98382ae5972b,adrift.life,available,2.98,46.48,high,low,6,namecheap,,,
8e4761b0-b012-4ddc-a9ac-a138c326ab1c,aflutter.life,available,2.98,46.48,medium,low,8,namecheap,,,
23e4777e-1366-4e23-abb5-b16b1f16896d,austral.life,available,2.98,46.48,medium,low,7,namecheap,,,07/08/2026 18:26
e2afba69-f4fa-4505-a6ff-a694dc6bd910,angered.life,available,2.98,46.48,high,low,7,namecheap,,,
86ebfbeb-07a7-4bf8-a27b-969d8436394b,beautiful.life,resell,,,high,low,9,"GoDaddy.com, LLC",28/06/2015 16:02,28/06/2026 16:02,
2b18e6ea-c6c9-484a-b2fd-5be2e6d4846e,accrued.life,available,2.98,46.48,high,low,7,namecheap,,,
217b51b5-f7bf-447c-a5e2-61d1d7771597,received.life,available,2.99,,high,low,8,name.com,,,
551a709c-c0ce-40d3-a4bb-65a5b62460e8,acidotic.life,available,2.98,46.48,medium,low,8,namecheap,,,
4f6f2f5d-fc37-4f04-9c31-3b361c1fc9e5,letters.life,resell,,,high,low,7,"Sav.com, LLC - 13",16/10/2025 15:15,16/10/2026 15:15,
7aeb8237-fc54-4bd7-bcf1-4786338b2cb9,anomalous.life,available,,,high,low,9,,,,
3c69e59f-be2a-4e24-9e64-463dbbf54ce1,lick.life,available,2.99,,high,low,4,name.com,,,
33035e23-ee86-4c86-86fc-04476624e106,valueable.life,available,2.99,,medium,low,9,name.com,,,
eb3da7db-5afd-45a8-829c-1605375d34c3,oxfam.life,available,2.99,,high,low,5,name.com,,,
b472ed6d-c7e7-4b13-8fe2-30b74329189f,afternoon.life,resell,,,high,low,9,"Sav.com, LLC",17/06/2025 17:00,17/06/2026 17:00,
0b8044fe-317d-4413-a8ea-e7f38429ee89,android.life,available,,,high,medium,7,,,,
dbb33bd2-038c-4fc1-8cd3-c6c4683be16a,spotify.life,available,,,high,low,7,,,,
c8b9affd-ab4f-441e-852d-e44c20dbe7b5,mining.life,resell,,,high,low,6,"Chengdu West Dimension Digital Technology Co., Ltd.",12/06/2018 22:04,12/06/2026 22:04,
ce50564f-6f77-435f-b6bc-fbc344bd24fa,antigenic.life,available,2.98,46.48,medium,low,9,namecheap,,,
abb8d93f-06a1-46ef-9354-1eb08f49b7af,risk.life,resell,,,high,low,4,Xin Net Technology Corporation,03/12/2020 08:14,03/12/2027 08:14,08/09/2026 12:49
1576b1a8-7774-4f66-8666-f166d1f80a2e,tracy.life,resell,,,high,low,5,"Sav.com, LLC",12/02/2026 17:02,12/02/2027 17:02,
8e3be5d6-d285-4fee-80d7-ab26ffb2c285,commercially.life,available,2.99,,medium,low,12,name.com,,,
c843527f-07bd-489b-a505-decefe6af92f,daniel.life,resell,,,high,medium,6,"Sav.com, LLC - 34",28/01/2026 15:15,28/01/2027 15:15,
0fc88fcd-a892-4981-9b58-c35a6f88bb88,cotton.life,resell,,,high,low,6,"Chengdu West Dimension Digital Technology Co., Ltd.",26/10/2018 08:28,26/10/2030 08:28,
7f22128a-d9d0-4e43-aeed-670c9e70aaf7,deserter.life,available,2.98,46.48,medium,low,8,namecheap,,,06/08/2026 03:40
fab2ab81-f5b4-4966-b774-85001b01fde6,nineteenth.life,available,2.98,46.48,high,low,10,namecheap,,,
67f96ad0-eb26-4bf3-ae1a-3181e63d87fa,heartburn.life,available,,,medium,low,9,,,,
c9b9ec86-18e2-4e4b-b000-516f18aeaf76,asshole.life,available,2.98,46.48,medium,low,7,namecheap,,,08/08/2026 23:24
15ce7ee1-4cd2-4980-8370-5567f3455e08,candle.life,resell,,,high,low,6,"DNSPod, Inc.",15/04/2020 19:13,15/04/2027 19:13,
9134afcd-fd72-4160-b16d-e25fb1a8b5f2,awing.life,available,2.98,46.48,medium,low,5,namecheap,,,08/08/2026 00:34
57faf927-1378-446e-8308-01b18860feb5,for.life,resell,,,high,medium,3,"Sav.com, LLC",28/06/2015 16:00,28/06/2026 16:00,
411dbea0-017f-4f1a-9d4e-1f88c6341452,spoon.life,resell,,,high,low,5,"DNSPod, Inc.",13/09/2019 00:41,13/09/2026 00:41,
b5a43aa9-c458-4fb8-bf9a-105bde69e700,compensate.life,available,2.99,,high,low,10,name.com,,,
a0cd3f7c-4c6b-4527-94e4-9faad057e96b,knotty.life,resell,,,medium,low,6,Squarespace Domains II LLC,25/09/2024 17:00,25/09/2026 17:00,08/08/2026 08:12
2ff64f09-d35d-41ee-955a-f7b3174d80fb,inundated.life,available,2.98,46.48,medium,low,9,namecheap,,,08/08/2026 00:29
c6091d01-2389-41de-ba59-162ae9ba92e4,equally.life,available,2.99,35.99,high,low,7,namesilo,,,
91270796-e00d-4fdf-b58e-3421a883b642,sauna.life,resell,,,high,low,5,Dynadot Inc,24/11/2017 08:20,24/11/2026 08:20,
e5d98ac6-d77e-4dd2-8bb3-5e2b5db32342,saucer.life,available,2.99,,high,low,6,name.com,,,
9f533ab1-bc18-4854-856a-b95f91493def,year.life,resell,,,high,low,4,"DNSPod, Inc.",23/09/2016 10:45,23/09/2026 10:45,
50cca530-fdd3-407b-b84f-8a1c62358644,negotiate.life,premium,46.2,92.4,high,low,9,namecheap,,,
3d1304ac-c4e5-4e9a-a384-06b2cd885067,argentine.life,available,,,medium,low,9,,,,
bbdcc17a-f114-4115-881a-b08ab39cb6c0,admissible.life,available,2.98,46.48,high,low,10,namecheap,,,
59bb7caf-f47c-461b-a96c-1ebdfaf8300d,owing.life,available,2.99,,medium,low,5,name.com,,,
6e2c57e3-478d-4e8c-974b-430532b2f368,techno.life,resell,,,high,low,6,Dynadot Inc,08/12/2017 17:16,08/12/2027 17:16,
3bcb195a-6ffe-41ee-96e7-e78d3e19c9cf,supplier.life,resell,,,high,low,8,Xin Net Technology Corporation,29/08/2018 08:24,29/08/2027 08:24,22/09/2026 20:44
454f919a-d497-4a42-8f3b-799589bc152f,cincinnati.life,resell,,,high,low,10,"Global Domains International, Inc. DBA DomainCostClub.com",13/11/2024 02:04,13/11/2026 02:04,
57a2b4b8-be9d-4937-a2f2-62371fc717df,idle.life,resell,,,high,low,4,Dynadot Inc,13/11/2017 11:54,13/11/2026 11:54,08/08/2026 21:52
4fa7e59a-2d43-4d9d-8366-888fcb728af3,aliform.life,available,2.98,46.48,medium,low,7,namecheap,,,
2249c699-4785-42bf-a56a-b2a474f50a3c,invitation.life,resell,,,high,low,10,"Sav.com, LLC - 14",26/12/2025 15:15,26/12/2026 15:15,
95e74f60-4a4a-4ba0-9cbe-75977d692a13,consumption.life,available,2.99,35.99,high,low,11,namesilo,,,
fbb7f73d-76f7-45c0-859b-f20de2a98354,revolution.life,resell,,,high,low,10,"Chengdu West Dimension Digital Technology Co., Ltd.",22/05/2019 01:59,22/05/2028 01:59,
6db0ecb3-d7e4-441a-bf73-741f64663489,either.life,available,2.99,,medium,low,6,name.com,,,
cbaf6df6-dae6-4ac7-8251-fdd23d39e26f,policy.life,resell,,,high,low,6,"Chengdu West Dimension Digital Technology Co., Ltd.",09/06/2018 12:07,09/06/2026 12:07,
3cf391f7-e631-4e83-b6e6-2dcd387ce0a5,grandma.life,resell,,,high,low,7,Xin Net Technology Corporation,07/07/2020 08:11,07/07/2027 08:11,17/09/2026 20:21
a958f194-1ba5-4c9e-8517-75ce3a05e832,askew.life,available,2.98,46.48,medium,low,5,namecheap,,,07/08/2026 03:31
3343ed7a-4fd3-4b9f-8d43-d355b99f7063,vexatious.life,available,,,medium,low,9,,,,
3da515fb-9762-4d8f-a456-704b7d58eb26,mentioned.life,available,2.99,,medium,low,9,name.com,,,
d085d1df-2eea-4d4a-bf7b-fa8eea2f0c98,primitive.life,resell,,,high,low,9,Squarespace Domains II LLC,26/12/2018 11:57,26/12/2026 11:57,
dafad03b-1181-4907-a18c-642ae2e1af6f,motor.life,resell,,,high,low,5,"Chengdu West Dimension Digital Technology Co., Ltd.",02/12/2022 15:15,02/12/2026 15:15,
4aa3b4ae-c554-4c50-a7f8-e770a4efaefb,valued.life,resell,,,high,low,6,"DNSPod, Inc.",29/08/2024 17:00,29/08/2027 17:00,22/09/2026 21:16
01098ec5-e8a5-40a0-a88c-e33b3901ac99,hover.life,resell,2.99,,high,low,5,"Sav.com, LLC",17/03/2026 10:21,17/03/2027 10:21,
73bb3a0e-96bb-4973-b502-4cd50a2bb23e,debase.life,available,2.98,46.48,medium,low,6,namecheap,,,
152c7e31-0dd9-4079-a080-4e704cc2a709,trader.life,resell,,,high,low,6,"DNSPod, Inc.",31/12/2024 15:15,31/12/2026 15:15,
d0d19d60-0723-40a3-bbc2-52d80085c95a,closer.life,resell,,,high,low,6,Dynadot Inc,04/02/2026 17:00,04/02/2027 17:00,
4fabca03-0b99-4d26-979d-215ebf8a9040,approved.life,resell,,,high,low,8,Xin Net Technology Corporation,04/02/2020 20:34,04/02/2027 20:34,06/08/2026 09:20
7737c3a0-95f6-4ca1-8671-5e49b96d934d,whichever.life,available,2.99,,medium,low,9,name.com,,,
3c8af82f-beac-4026-82e5-02722d3fe2ea,bald.life,resell,,,high,low,4,"Sav.com, LLC - 41",16/12/2025 15:15,16/12/2026 15:15,08/08/2026 09:16
ef3bd930-1e35-4890-8a55-913f3a066088,abject.life,available,2.99,43.99,high,low,6,name.com,,,
c7b830a4-ff63-460a-bc4d-e9117c58c2a0,briefly.life,available,,,high,low,7,,,,
1b976537-744d-4c4a-996a-793eeb47da05,respected.life,available,2.99,,high,low,9,name.com,,,
d7fe727e-1292-46e0-8a20-c1bd0ff02ec3,scurrilous.life,available,2.98,46.48,medium,low,10,namecheap,,,
d6fd1a53-586e-41bd-bc5e-de1152ffaa00,maddened.life,available,2.98,46.48,medium,low,8,namecheap,,,
9af8c27a-1d68-4c3e-8dc0-afa60fc43342,baptized.life,available,,,high,low,8,,,,
b9c71dd0-8c42-45da-9225-126994200ae8,indefinite.life,available,2.99,,high,low,10,name.com,,,
87c31a46-36c0-4435-8028-cae67481d4ce,tailless.life,available,2.98,46.48,medium,low,8,namecheap,,,05/08/2026 21:33
a02c26f9-bddf-488b-802d-03454b1e86c0,dismiss.life,available,2.99,35.99,high,low,7,namesilo,,,
db2b7caa-5151-485f-ab9a-8f7b94eb6429,steer.life,resell,,,high,low,5,"DNSPod, Inc.",20/10/2018 10:13,20/10/2026 10:13,
800d7779-1f70-4de8-a5ef-2b47f6348af1,fourteenth.life,available,2.98,46.48,high,low,10,namecheap,,,
2e1c7c11-3fde-4679-aff2-6945b51ec954,bbc.life,available,,,high,low,3,,,,
692d5978-23a0-41b9-88da-fc1b1a3b6f31,scheduled.life,resell,,,high,low,9,"Sav.com, LLC - 17",11/03/2026 15:15,11/03/2027 15:15,
dc88b458-4318-4437-9431-5785b098a13b,verbal.life,available,2.99,,high,low,6,name.com,,,
665ac994-c00b-4b38-bdf8-14d1c744cfa7,inexpensive.life,available,2.99,,high,low,11,name.com,,,
faf7ee7e-cbed-4b82-b3a2-f62b106e5205,assuming.life,available,2.98,46.48,medium,low,8,namecheap,,,07/08/2026 08:16
06752ba2-c878-4aac-a992-774ee3395423,tomato.life,resell,,,high,low,6,"Chengdu West Dimension Digital Technology Co., Ltd.",03/08/2018 23:38,03/08/2027 23:38,20/09/2026 11:20
009b9c05-538b-4161-ac4b-6f79262df9df,hardly.life,available,2.99,,high,low,6,name.com,,,
13c780f7-9dc9-4f1b-b56e-f0917edf025d,court.life,resell,,,high,low,5,"DNSPod, Inc.",30/06/2021 08:20,30/06/2027 08:20,17/09/2026 06:33
966b395e-fbe7-49d0-b0e7-2f7d01eee982,shine.life,resell,,,high,low,5,Alibaba Cloud Computing Ltd. d/b/a HiChina (www.net.cn),29/04/2020 12:16,29/04/2027 12:16,
52bfcdf7-f87c-4585-8e5b-a0652e077829,spinous.life,available,2.98,46.48,medium,low,7,namecheap,,,
3f7d39c8-2253-44f6-a425-a2c5e85b3584,garret.life,available,2.98,46.48,medium,low,6,namecheap,,,07/08/2026 15:51
a5297c52-2cbc-4b5d-bf23-e62980448406,constantly.life,available,2.99,35.99,high,low,10,namesilo,,,
406a0c54-f743-4000-95f1-63475a236716,temperature.life,resell,,,high,low,11,"DNSPod, Inc.",09/12/2021 15:38,09/12/2026 15:38,
0bd1ee9a-6877-4b3f-a839-4c2d8c7ca54f,vengeful.life,available,2.99,,medium,low,8,name.com,,,
3d8b9128-c59f-49a0-9238-98f5c3ebc9ae,hand.life,resell,,,high,low,4,Dynadot Inc,22/05/2018 22:31,22/05/2027 22:31,
380198b2-a287-44a7-888c-57d5c9949ffb,mike.life,resell,,,high,medium,4,"DNSPod, Inc.",07/05/2023 15:15,07/05/2027 15:15,
6215a4fb-ed25-4627-ad61-dec62b314e9b,dickhead.life,available,2.98,46.48,medium,low,8,namecheap,,,08/08/2026 23:34
8b1efba5-dd05-4876-97a7-804ea8900640,loony.life,available,2.98,46.48,high,low,5,namecheap,,,06/08/2026 21:17
63a706cc-db8f-470e-b385-12abe1e16d3f,barmy.life,available,2.98,46.48,medium,low,5,namecheap,,,06/08/2026 20:25
1acfbc6f-2b92-4d80-9e8b-b2aafc9f3a8f,contend.life,available,2.99,35.99,high,low,7,namesilo,,,
fc765d0e-d3d2-4803-a70b-e27c3f7c8b8c,ain.life,resell,,,high,low,3,"Sav.com, LLC",21/03/2025 17:12,21/03/2026 17:12,
5171b3d1-5f40-4942-af31-1b6532122d69,getting.life,resell,,,high,low,7,"Sav.com, LLC - 11",09/02/2026 15:15,09/02/2027 15:15,
7217809d-9e2b-460b-a138-56ff5a466347,augean.life,available,2.98,46.48,medium,low,6,namecheap,,,07/08/2026 16:54
b3b75435-61c7-41dc-a6a3-84ef997d7920,vomiting.life,available,2.99,,high,low,8,name.com,,,
9ad7be26-9b48-4dbb-a25b-0fcff4879e9d,gramme.life,available,2.99,35.99,high,low,6,namesilo,,,
dca9fb3d-d402-4e0f-9e34-9463c074c2cf,context.life,resell,,,high,medium,7,Dynadot Inc,23/01/2018 10:19,23/01/2027 10:19,
c57331c0-3362-484f-88f4-f3d47af2853c,wastebasket.life,available,2.99,,high,low,11,name.com,,,
8df38303-cead-4c29-9c76-23a0d3a14fc1,post.life,available,,,high,low,4,,,,
2ff74dfa-a64f-4216-9370-cda59d0a033c,asia.life,resell,,,high,low,4,Dynadot Inc,25/01/2024 16:14,25/01/2026 16:14,
049b55fd-a7dc-46cb-a510-26c22d5bc954,moving.life,resell,,,high,low,6,"Spaceship, Inc.",31/05/2019 17:18,31/05/2026 17:18,
1b32fe09-8ef9-4cd6-9e40-53133ea736ce,cock.life,resell,,,high,low,4,"Sav.com, LLC - 27",30/04/2025 15:15,30/04/2027 15:15,
36dbe8f1-6a64-4f5c-a2ce-b4e3d4f7a1bb,testimony.life,resell,,,high,low,9,"Sav.com, LLC - 19",18/12/2025 15:15,18/12/2026 15:15,
586ca2b3-3ac1-4573-8448-aa70ddfa82a9,taiwan.life,resell,,,high,high,6,Dynadot Inc,11/03/2020 04:52,11/03/2027 04:52,
d839e8f1-f572-4b68-bd46-81c7929a1cf9,provoking.life,available,2.98,46.48,high,low,9,namecheap,,,
2da409de-c198-4601-b6af-f468ce399397,orbicular.life,available,2.98,46.48,medium,low,9,namecheap,,,08/08/2026 10:11
109e539e-41c1-46e7-9bb4-966f53249480,jail.life,resell,,,high,low,4,Xin Net Technology Corporation,07/02/2020 12:06,07/02/2027 12:06,
9871e6a2-1a90-493d-968a-bb64ae9c3e98,speculation.life,available,2.99,,high,low,11,name.com,,,
74febb37-a0a4-4e9b-b909-584e1f893312,barrier.life,resell,,,high,low,7,"Sav.com, LLC - 20",06/05/2026 15:15,06/05/2027 15:15,24/09/2026 07:01
c72207e6-aa8e-4c9f-a6b9-8a0f2dd6228d,excursion.life,resell,,,high,low,9,Squarespace Domains II LLC,23/10/2023 15:15,23/10/2026 15:15,
e2069068-8bc9-4a9e-ad4e-faa4d282858c,drift.life,resell,,,high,low,5,"GoDaddy.com, LLC",10/12/2017 08:11,10/12/2026 08:11,
f5237454-c34c-453e-9051-518c76264d82,experimentally.life,available,2.99,35.99,medium,low,14,namesilo,,,
83da042a-a042-4d5c-966a-a9eabf6e3c93,subtle.life,resell,,,high,low,6,"Sav.com, LLC - 34",07/10/2025 15:16,07/10/2026 15:16,
e6472dda-1a2e-4df8-8d7b-d9e22dfc6c88,appellate.life,available,2.98,46.48,medium,low,9,namecheap,,,06/08/2026 06:18
d0a0ab0b-5ab2-4c8d-98e7-e45fc2cdabcc,menu.life,resell,,,high,low,4,"DNSPod, Inc.",11/07/2018 02:16,11/07/2027 02:16,18/09/2026 02:50
46044d0c-0be2-4295-a9a9-1b4f8cd4c8ea,item.life,resell,,,high,low,4,"Sav.com, LLC - 6",04/03/2026 15:15,04/03/2027 15:15,
4e13af6d-75d7-4a96-97fb-78b33525112a,dominance.life,available,,,high,low,9,,,,
a109d68a-9452-43e8-af8b-5d1bf926c6cc,thirsty.life,resell,,,high,low,7,"Sav.com, LLC - 20",06/04/2025 15:15,06/04/2027 15:15,
fa8b4fca-fc31-4d2b-87e6-1249cade2749,install.life,resell,,,high,low,7,"Sav.com, LLC - 5",29/10/2025 15:15,29/10/2026 15:15,
dbf4643f-f06a-4ae8-bead-95fb8ef42f33,barbecued.life,available,2.98,46.48,medium,low,9,namecheap,,,08/08/2026 16:25
6e14a8ef-6ac8-4222-a841-869d0ec88154,planning.life,available,,,high,low,8,,,,
e57cb82f-651a-4dad-915a-3607032e4d91,renegade.life,resell,,,high,low,8,Xin Net Technology Corporation,25/06/2020 15:17,25/06/2027 15:17,06/08/2026 03:45
0d4c49f1-3757-47fe-a11c-72bb24c106a4,sony.life,available,,,high,low,4,,,,
d968ce48-0640-425a-bd2c-3685fcafa6b7,someone.life,resell,,,high,low,7,"Sav.com, LLC - 38",26/03/2026 15:15,26/03/2027 15:15,
d34dab3b-d4c0-4322-a2fc-04b0b83384b5,act.life,resell,,,high,low,3,"Chengdu West Dimension Digital Technology Co., Ltd.",29/12/2020 01:38,29/12/2026 01:38,
ab4ff626-89d7-47e1-a22d-e258b4e4f63d,rudderless.life,available,2.98,46.48,medium,low,10,namecheap,,,
cfc4f95a-225a-4ba4-9988-15fded1b3e6e,limitation.life,available,2.99,,medium,low,10,name.com,,,
7d2b2ac2-1021-42a4-815c-f0b73a941865,annoyance.life,available,,,high,low,9,,,,
41911d92-458c-4823-98b9-86c3223fddfd,contest.life,resell,,,high,low,7,"Sav.com, LLC - 19",22/02/2026 15:16,22/02/2027 15:16,
47be92ea-3538-478e-891d-c90860eaa669,touring.life,resell,,,high,low,7,Xin Net Technology Corporation,13/02/2020 09:20,13/02/2027 09:20,
f4d4963d-c8b5-408d-94e5-3a69f099a9f2,incredible.life,resell,,,high,low,10,"Chengdu West Dimension Digital Technology Co., Ltd.",12/12/2025 15:15,12/12/2026 15:15,
4652d6af-c037-4a63-b162-be3fd49e35ad,keister.life,available,2.98,46.48,low,low,7,namecheap,,,09/08/2026 11:08
e87b5e6b-0283-4574-a839-9c2964a2ca8c,stopped.life,available,2.99,,high,low,7,name.com,,,
053478d8-7820-4f18-93d1-e13dfc225f84,together.life,resell,,,high,medium,8,Xin Net Technology Corporation,09/04/2019 19:01,09/04/2027 19:01,
b0f91157-ef1a-4210-bc3c-32ca98fe63ac,cent.life,resell,,,high,low,4,"Sav.com, LLC - 5",08/12/2025 15:15,08/12/2026 15:15,08/09/2026 08:07
dca65a35-c879-4cad-85c0-82337534058d,blockade.life,available,2.99,35.99,high,low,8,namesilo,,,
b89744e1-a12e-4be6-aa9a-29e8a403b1b5,supra.life,resell,,,high,low,5,"DNSPod, Inc.",10/10/2024 17:00,10/10/2026 17:00,
51570a7c-aa2e-40ef-b809-0900eb08d509,worker.life,resell,,,high,low,6,Xin Net Technology Corporation,04/03/2019 09:11,04/03/2027 09:11,
8d732c22-ced4-4f35-a52f-d2c6c127a986,altissimo.life,available,2.98,46.48,medium,low,9,namecheap,,,
0505bb36-b3ea-45f8-9955-092acd8122b1,macro.life,resell,,,high,low,5,Xin Net Technology Corporation,03/02/2022 13:15,03/02/2027 13:15,
a6ce372d-444a-426a-9690-1f6a3dd2b014,sitting.life,available,2.99,,high,low,7,name.com,,,
db7f843f-03d0-40a4-8247-0b20cdc74282,satisfy.life,resell,,,high,low,7,"Sav.com, LLC - 19",05/04/2025 15:15,05/04/2027 15:15,
53f43ff0-70ba-447f-83c3-a44ebec0c6ed,ternary.life,available,2.98,46.48,high,low,7,namecheap,,,
8f0f3ffa-f5b6-481a-85be-04c05e2f30fe,basket.life,resell,,,high,low,6,Dynadot Inc,19/10/2018 08:29,19/10/2026 08:29,
b7b88c27-cf9b-4487-92e0-bd4cb4482337,slacking.life,available,2.99,,medium,low,8,name.com,,,
ae293433-62f8-42d2-91a0-70fae53e74e6,altruism.life,resell,,,high,low,8,"Spaceship, Inc.",12/06/2026 20:27,12/06/2027 20:27,24/09/2026 06:35
d7a53ea8-dac8-48a5-b9b8-7b58be229a2c,babyish.life,available,2.98,46.48,medium,low,7,namecheap,,,08/08/2026 03:53
432c4c1c-fd7e-4cca-9ef3-b1d7b86045c1,income.life,resell,,,high,low,6,Dynadot Inc,11/02/2018 07:43,11/02/2027 07:43,
15339d6f-5025-4109-bbf2-f7893444730a,categorically.life,available,2.99,35.99,medium,low,13,namesilo,,,
f5b265ba-6fac-45a7-9cc4-ff169ae010f4,abrasive.life,available,2.98,46.48,high,low,8,namecheap,,,
0207dabf-65e1-4cf3-93d1-4904f2ab916b,practicing.life,resell,,,high,low,10,"Sav.com, LLC - 24",10/10/2025 15:16,10/10/2026 15:16,
5dbfc3d8-42f8-46bc-88ac-02432da76b76,superbly.life,available,2.99,,high,low,8,name.com,,,
a1ffe0ca-86a3-4ae8-abd1-5e60c59579b4,dickens.life,available,2.99,35.99,high,low,7,namesilo,,,
806ba995-95d8-4743-a97d-694a4691b129,trauma.life,resell,,,high,low,6,Squarespace Domains II LLC,24/11/2019 20:25,24/11/2026 20:25,
0245d44c-ecd6-4723-a460-7227be7cad5a,sensory.life,resell,,,high,low,7,Xin Net Technology Corporation,15/03/2018 07:57,15/03/2027 07:57,
9a3ff4c6-29a4-4545-ad23-fe23a94df1b2,uncomfortably.life,available,2.99,,low,low,13,name.com,,,
401c09f3-a334-40f4-8e6b-2dedc83609c8,thank.life,resell,,,high,low,5,Dynadot Inc,26/02/2018 07:51,26/02/2027 07:51,
78db76b4-2f17-45d3-be50-2269bc03b9c7,agential.life,available,,,medium,low,8,,,,
debc15e3-33e2-4ada-ae58-4923c16e24f7,yield.life,resell,,,high,low,5,"Xiamen ChinaSource Internet Service Co., Ltd",25/10/2025 15:15,25/10/2026 15:15,
eb149ee9-4ccd-498f-aab9-595bcc497e13,sunbelt.life,available,2.99,,high,low,7,name.com,,,
b8e1e053-e22e-4663-9d10-61e33ebd0009,ridden.life,available,2.99,,high,low,6,name.com,,,
b3687601-e146-4765-bc30-eec8fa1c70b0,gallon.life,available,2.99,35.99,high,low,6,namesilo,,,
cac92c2c-5e14-4ad4-ab0c-0172432d441e,acrobatic.life,available,2.98,46.48,high,low,9,namecheap,,,
37230375-f925-477f-b195-9ec0d5974803,attention.life,resell,,,high,low,9,"DNSPod, Inc.",01/02/2025 15:15,01/02/2027 15:15,
e382a374-5003-4586-ae7f-732b4d874c15,bulk.life,resell,,,high,low,4,"Sav.com, LLC - 14",27/12/2025 15:15,27/12/2026 15:15,
ee2e0892-2d36-416f-8553-2ac71ae2e734,amorphous.life,available,,,medium,low,9,,,,
6eecd229-57f8-4778-ad6f-a67961590925,abducent.life,available,2.98,46.48,medium,low,8,namecheap,,,
b8900996-38bb-4d77-8b00-014d1d2ecb30,sliding.life,available,2.99,,high,low,7,name.com,,,
9abcd47a-a5c6-4cd0-9c0e-6837fc92b644,francisca.life,available,2.99,,high,low,9,name.com,,,
a8e9fd2f-78e8-4827-8ade-d6bd03859225,balky.life,available,2.98,46.48,medium,low,5,namecheap,,,08/08/2026 09:55
9dcf1e58-9ec3-4da8-b0bd-4f96e5f73782,trial.life,resell,,,high,low,5,Dynadot Inc,14/09/2019 19:07,14/09/2026 19:07,
c670fed2-898d-44a7-b434-15ab7ff9f182,baltic.life,resell,,,high,low,6,"Sav.com, LLC",06/01/2026 17:00,06/01/2027 17:00,08/08/2026 10:41
1c0016a7-3a5a-4d5c-b284-81a5e085e14a,courses.life,resell,,,high,low,7,Alibaba Cloud Computing Ltd. d/b/a HiChina (www.net.cn),03/08/2022 13:15,03/08/2027 13:15,20/09/2026 11:01
6a3bfac6-45fe-412f-94ec-f361ee757951,winner.life,resell,,,high,low,6,Unstoppable Domains Inc,27/01/2022 13:15,27/01/2027 13:15,
adef5564-4325-4108-909e-eb5d2055c3f8,anti.life,resell,,,high,low,4,"Xiamen ChinaSource Internet Service Co., Ltd",03/12/2019 08:30,03/12/2026 08:30,
292c8f3a-7a9f-4f3f-a57d-6e2b785fb836,broccoli.life,resell,,,high,low,8,"Sav.com, LLC - 29",28/03/2026 15:15,28/03/2027 15:15,
92b81359-50df-406c-95aa-636f3dcb2771,disney.life,available,,,high,low,6,,,,
46c11ca5-c35b-4d90-9cbe-158ff859d042,mouth.life,resell,,,high,low,5,Squarespace Domains II LLC,22/10/2022 13:15,22/10/2026 13:15,08/09/2026 03:51
a6b4f177-494d-428f-8100-ca334fcd6434,prickly.life,resell,,,high,low,7,Dynadot Inc,08/12/2025 06:51,08/12/2026 06:51,08/08/2026 17:34
15ac98ff-7959-493c-b9b2-c78058043bc9,seen.life,resell,,,high,low,4,"Sav.com, LLC - 13",28/04/2025 15:15,28/04/2027 15:15,
eb5216ed-3ae0-48c0-a653-9a1af0a96fac,astronomic.life,available,2.98,46.48,medium,low,10,namecheap,,,07/08/2026 10:10
fb94333d-ae58-420f-b519-beee9bfb74c7,awry.life,available,2.98,46.48,medium,low,4,namecheap,,,
c2c42560-a8b7-45d1-b0b6-6fdd692b441c,indeed.life,available,,,high,low,6,,,,
c441c76d-b615-461f-b67e-5aa806d033cc,alkaloidal.life,available,2.98,46.48,medium,low,10,namecheap,,,
d0c2f3ea-4bf9-4125-8ce5-a58ef03e7f11,eaten.life,available,2.99,35.99,high,low,5,namesilo,,,
da0811eb-0d0f-4ee3-9959-b64da8321d5c,customise.life,available,2.99,35.99,high,low,9,namesilo,,,
14995ea9-f40f-426c-b048-e3fd82fe5891,flickering.life,available,2.98,46.48,high,low,10,namecheap,,,
800cbc97-ca73-428d-85b3-fcba686c9da9,propagated.life,available,2.99,,medium,low,10,name.com,,,
dde0eb40-2dcf-4ce1-a67b-155a270faf66,gratitude.life,resell,,,high,low,9,Dynadot Inc,22/03/2019 13:26,22/03/2027 13:26,
4ed30196-6f30-48c9-8ceb-73f979b9c308,anamorphic.life,available,2.98,46.48,medium,low,10,namecheap,,,
b7d8d0c1-144c-4c80-a497-bd38619cdccf,razor.life,resell,,,high,low,5,"DNSPod, Inc.",06/12/2019 08:54,06/12/2026 08:54,
66250f1d-8dc0-44a8-ba22-ae75584654eb,gotten.life,available,2.99,35.99,high,low,6,namesilo,,,
a1ecb3b2-06ea-4169-b95e-3b2f415f4022,axenic.life,available,2.98,46.48,high,low,6,namecheap,,,08/08/2026 01:51
a67bc81e-8f6a-4448-b9dd-d11e3718e6cb,baronial.life,available,2.98,46.48,medium,low,8,namecheap,,,08/08/2026 20:11
3a288809-ac1e-4db4-bf87-b98ebfd02546,rushed.life,available,2.99,,high,low,6,name.com,,,
42f1690f-f222-4970-a8e5-188164cb722e,emotion.life,resell,,,high,low,7,"Chengdu West Dimension Digital Technology Co., Ltd.",15/05/2019 20:13,15/05/2027 20:13,
ebc1b1ae-6560-4e65-9c8e-88dcc05e978d,took.life,available,2.99,,medium,low,4,name.com,,,
7511eb6c-d2de-4025-9823-6408b8c7b7b7,similarly.life,available,2.99,,medium,low,9,name.com,,,
fdcb9080-2927-4453-993d-3ead68f763f5,plaguy.life,available,2.98,46.48,medium,low,6,namecheap,,,
b635db8c-5216-45eb-8b75-d340705f0cc3,informing.life,available,2.99,,high,low,9,name.com,,,
4fa0e2f1-3534-4c25-a03e-f19b8650ea7a,holding.life,resell,,,high,low,7,Xin Net Technology Corporation,24/08/2023 15:15,24/08/2027 15:15,22/09/2026 10:38
4046ce89-d63a-46b0-a040-a0df2b07a4b2,pepsi.life,available,2.99,,high,low,5,name.com,,,
2bd47c5d-b3ba-403c-9b0a-edaf3d5de907,groves.life,available,2.99,,high,low,6,name.com,,,
563b6894-6713-4068-a445-dd697345a392,period.life,resell,,,high,low,6,"Sav.com, LLC - 10",02/02/2026 15:15,02/02/2027 15:15,
4ef83d71-c53d-40d9-b9b9-c05428b461a9,drawing.life,resell,,,high,low,7,Xin Net Technology Corporation,23/07/2021 08:38,23/07/2027 08:38,19/09/2026 19:31
9589ae4b-fdbe-45b3-b70d-c144c3fe2deb,survey.life,resell,,,high,low,6,"DNSPod, Inc.",15/06/2024 15:15,15/06/2026 15:15,
aaca7e46-b0a9-4283-8b8c-ebc17104291c,sea.life,resell,,,high,low,3,"GoDaddy.com, LLC",28/06/2015 08:53,28/06/2027 08:53,
ce7848dc-834e-4800-85b5-08c7c3d02937,dorsum.life,available,2.98,46.48,high,low,6,namecheap,,,08/08/2026 05:12
06de5a76-8fc0-4288-9622-9443c6f07bc9,equivocal.life,available,2.98,46.48,high,low,9,namecheap,,,
bc3e096d-a87e-43ed-9d24-f83268fd5fb1,qualitative.life,available,2.99,,high,low,11,name.com,,,
d7e8f184-8b05-40db-aad3-3cde461d6a7f,sneeze.life,available,2.99,,high,low,6,name.com,,,
fb6bf071-9a5a-433c-a407-9922d8d5d444,contents.life,available,,,high,low,8,,,,
238d3347-7be3-419b-9a4f-a3e955db4fe3,unique.life,resell,,,high,medium,6,Porkbun LLC,08/12/2015 15:07,08/12/2026 15:07,
89e9167d-074f-45ae-b580-376252df95b3,barreled.life,available,2.98,46.48,medium,low,8,namecheap,,,08/08/2026 20:46
aeeacc22-3cc5-4fa6-842e-36792ccadb55,terzetto.life,available,2.98,46.48,medium,low,8,namecheap,,,
b7cf9c53-29cf-49be-b692-483e22d4bcc4,fiercely.life,available,2.99,,medium,low,8,name.com,,,
8e0a3935-c395-4aaa-b78e-a90d3147861a,diabetes.life,resell,,,high,low,8,"Xiamen ChinaSource Internet Service Co., Ltd",27/10/2025 15:15,27/10/2026 15:15,
6b23341d-6cef-43be-b667-92f096eefaf2,community.life,resell,,,high,medium,9,Dynadot Inc,04/11/2023 00:43,04/11/2026 00:43,08/09/2026 12:57
bd99cb45-3f23-4bf5-8669-ec6009a00633,unexpected.life,resell,,,high,low,10,"Sav.com, LLC - 40",30/09/2025 15:15,30/09/2026 15:15,
9866df8c-6b30-4ec6-aeb7-6a0dff0efa85,approving.life,available,2.98,46.48,high,low,9,namecheap,,,06/08/2026 08:49
8221ab71-a00f-4cc6-a205-b98e5b404de5,lately.life,resell,,,high,low,6,"Sav.com, LLC",03/11/2025 20:25,03/11/2026 20:25,
b8d31447-fa1f-4494-963e-29c9a063f386,pass.life,resell,,,high,low,4,Dynadot Inc,27/12/2017 05:28,27/12/2026 05:28,
f601036e-af9c-415c-9ba9-57dcc8a8353c,setting.life,resell,,,high,low,7,"Sav.com, LLC - 36",26/03/2026 15:15,26/03/2027 15:15,
c7a2085d-7993-4f84-9f35-857c0c177925,enthralled.life,available,2.98,46.48,medium,low,10,namecheap,,,09/08/2026 10:06
272fe017-4087-45e3-9995-cd6f1f8aac2e,are.life,available,,,high,low,3,,,,
9d05e57b-3af3-4867-bb63-d157926c42c6,asinine.life,available,2.98,46.48,low,low,7,namecheap,,,07/08/2026 02:35
eec8a42f-8954-462e-8974-6cfeef3c4975,curve.life,resell,,,high,low,5,"Xiamen ChinaSource Internet Service Co., Ltd",02/01/2022 13:15,02/01/2027 13:15,06/08/2026 15:00
3ef4874d-3ac2-4480-be8b-c475bc50459e,barbed.life,available,2.98,46.48,medium,low,6,namecheap,,,08/08/2026 16:36
e7db9b7c-6a43-4aad-84b4-1b53ea6bcec5,actinic.life,available,2.98,46.48,medium,low,7,namecheap,,,
6777f2cc-9505-48a9-85e0-e9a2e33d6651,chairperson.life,available,2.99,35.99,high,low,11,namesilo,,,
efdc1f9e-7ba7-431c-b9b0-3820e514857d,advisory.life,resell,,,high,low,8,"DNSPod, Inc.",24/09/2019 13:40,24/09/2026 13:40,
60e261c8-6bf5-4c17-be74-b9392edbe693,flooded.life,available,2.98,46.48,high,low,7,namecheap,,,08/08/2026 00:23
b88d13b8-961e-4d41-a2e7-65964f79ba7d,adrenal.life,available,2.98,46.48,high,low,7,namecheap,,,
7f022a18-dcf6-4623-9e75-84e52163214b,myspace.life,available,,,high,low,7,,,,
a9169026-02b3-4ddc-8021-f4f15b1fa2c0,script.life,resell,,,high,low,6,Unstoppable Domains Inc,27/12/2022 14:50,27/12/2026 14:50,08/09/2026 13:57
65785592-cfd8-4e5d-8eb1-a9ca184c1099,grow.life,resell,,,high,medium,4,Alibaba Cloud Computing Ltd. d/b/a HiChina (www.net.cn),19/12/2018 08:32,19/12/2026 08:32,
b5b56cff-730e-425b-9946-286435e34cd5,irritating.life,available,2.98,46.48,medium,low,10,namecheap,,,
9645f11c-6cc0-4fe0-ab3f-008312ac07d9,contralto.life,available,2.98,46.48,medium,low,9,namecheap,,,
8419dc84-d809-4228-90da-6ec3d43b76a7,toying.life,available,2.99,,high,low,6,name.com,,,
0aa69f31-9642-4ecb-a1a7-e683ecd130b9,idea.life,available,,,high,low,4,,,,
6649d9ce-518a-45f9-b830-91d4ab79cb99,tip.life,resell,,,high,low,3,Dynadot Inc,29/02/2016 02:29,28/02/2027 02:29,
408a57e4-0d07-4db3-9844-f4499e320b76,jimmy.life,resell,,,high,low,5,"Sav.com, LLC",02/11/2025 20:21,02/11/2026 20:21,
37b2f45f-83bc-401f-9493-42e9fab10e1c,warfare.life,available,2.99,,high,low,7,name.com,,,
5d293ea4-4f03-47eb-8e08-7592c500fb8f,cleaner.life,resell,,,high,low,7,Xin Net Technology Corporation,27/07/2020 10:27,27/07/2027 10:27,20/09/2026 01:35
87eff02e-1219-4ce8-bcef-bc265bac19f5,disassemble.life,available,2.99,35.99,high,low,11,namesilo,,,
b765880f-00a1-480d-8970-9f2a172d32d4,stemless.life,available,2.98,46.48,medium,low,8,namecheap,,,
9fc73ac7-7ec8-48a6-8464-2d1ba6669a3b,dignitary.life,available,2.99,35.99,high,low,9,namesilo,,,
7999e65e-0c38-4715-bb35-646ed45291da,forum.life,resell,,,high,low,5,"Xiamen ChinaSource Internet Service Co., Ltd",05/11/2023 15:15,05/11/2026 15:15,
689693f1-80a7-432c-8ad8-0499b1785cad,allelic.life,available,2.98,46.48,medium,low,7,namecheap,,,
7e448a44-d7c4-4e9d-bfff-f2a3eabeb30a,implying.life,available,2.99,,high,low,8,name.com,,,
c963252a-721b-4b7b-8e72-0a9a7dd4dd28,wore.life,available,2.99,,medium,low,4,name.com,,,
870c6623-e64e-4904-9b9e-235d5f7ae504,aboard.life,resell,,,high,low,6,"Sav.com, LLC - 45",31/03/2026 15:15,31/03/2027 15:15,
65e9661f-76ff-4102-be2d-029f7c9f0286,attempt.life,available,2.99,35.99,high,low,7,namesilo,,,
20e425db-adcc-4887-ad40-9840dab02d72,maxim.life,resell,,,high,low,5,Xin Net Technology Corporation,12/08/2020 15:51,12/08/2027 15:51,20/09/2026 19:10
ef1280e4-6ec8-47c8-bc85-30890303aef2,agamic.life,available,2.98,46.48,medium,low,6,namecheap,,,
8f5fa70f-6fd7-4ead-8888-e574f05e6829,bake.life,resell,,,high,low,4,Xin Net Technology Corporation,07/04/2018 03:16,07/04/2027 03:16,
8eb37d57-8908-42bd-a782-fae0c8d5354a,performing.life,resell,,,high,low,10,Xin Net Technology Corporation,28/07/2023 15:15,28/07/2027 15:15,
b3571029-206e-46cf-a980-6b279101ebd5,sink.life,resell,2.99,,high,low,4,"Sav.com, LLC",25/04/2026 16:57,25/04/2027 16:57,
bd430fda-00c5-4fce-9add-9ac35e8c924c,bowed.life,available,2.98,46.48,medium,low,5,namecheap,,,06/08/2026 14:55
487dcf12-8ba2-4799-876a-3c4c64627594,tails.life,resell,,,high,low,5,Xin Net Technology Corporation,20/07/2023 15:15,20/07/2027 15:15,19/09/2026 14:44
d8391a5e-5979-450e-8885-beccb3e1575f,abdicable.life,available,2.98,46.48,medium,low,9,namecheap,,,
adc21278-44cd-47b6-ba3e-fa3d469e140a,rep.life,resell,,,high,low,3,"DNSPod, Inc.",18/03/2024 15:15,18/03/2027 15:15,
153457cc-14db-4ba8-a5c7-29dd3ef13409,soupy.life,available,,,medium,low,5,,,,
3337f58c-3c70-45cb-8860-e62cc86c1d6c,stage.life,resell,,,high,medium,5,"Spaceship, Inc.",07/10/2021 17:00,07/10/2026 17:00,
41838419-35d4-4701-b4a0-e7d5cdffff9d,valid.life,resell,,,high,low,5,Dynadot Inc,25/10/2017 06:23,25/10/2026 06:23,
8c8c4a27-0fa8-4a77-98fc-3e9a64830e75,town.life,resell,,,high,low,4,"Spaceship, Inc.",15/09/2020 18:11,15/09/2026 18:11,
54a82514-994c-4eb8-863f-b58f561dca5f,beheaded.life,available,2.98,46.48,medium,low,8,namecheap,,,09/08/2026 10:21
10fb6386-48a7-4b12-ba2b-f06ce03dc81a,appellant.life,available,2.98,46.48,medium,low,9,namecheap,,,06/08/2026 06:23
eaf58ee4-2cbe-4725-973f-dfec38dd95d9,resemblance.life,available,2.99,,high,low,11,name.com,,,
731b9ca0-cc1a-4a6f-b4b9-f8b2b649a96b,upstairs.life,available,2.99,,high,low,8,name.com,,,
3c7f9f0a-7a74-4cc9-8461-acea4652af6e,confuse.life,available,,,high,low,7,,,,
f7be2f3c-92ea-4c16-83e5-57d452e402b1,kilogram.life,available,2.99,,high,low,8,name.com,,,
cf7d94f7-d193-4b58-bde0-e8b519bd364d,kit.life,resell,,,high,low,3,Dynadot Inc,26/11/2017 14:08,26/11/2026 14:08,
9fef20c6-8696-4e6b-a229-6ed6d05be769,bossy.life,resell,,,high,low,5,Squarespace Domains II LLC,05/01/2025 15:15,05/01/2027 15:15,07/08/2026 19:35
60e13e88-9c0e-4199-a8f7-9d674845a5ba,meter.life,resell,,,high,low,5,"DNSPod, Inc.",26/06/2021 23:47,26/06/2026 23:47,
576463f0-118b-4b9f-a360-bd1e1bf75d08,praise.life,resell,,,high,low,6,Dynadot Inc,31/12/2017 11:50,31/12/2026 11:50,
f245a3cd-c99d-4e00-a24a-813e523928f2,marks.life,resell,,,high,low,5,"DNSPod, Inc.",09/12/2020 14:30,09/12/2026 14:30,
0cc69beb-df33-4164-b132-71e0ecb242f3,boxers.life,available,2.99,,high,low,6,name.com,,,
6e6018b5-2872-4188-baed-dfc6df4e23a6,acts.life,resell,,,high,low,4,"DNSPod, Inc.",23/11/2021 13:15,23/11/2026 13:15,
7f91c2cf-1d82-4cf2-bec2-3563536ddabd,named.life,resell,,,high,low,5,"Sav.com, LLC",31/01/2026 20:15,31/01/2027 20:15,
a40947fc-ac04-41ea-bce6-931751498b78,assamese.life,available,2.98,46.48,medium,low,8,namecheap,,,07/08/2026 05:38
d00a5dfd-01fb-4055-bd04-e1c1bc78f9f5,ruled.life,available,2.99,,high,low,5,name.com,,,
0510e7eb-a8ee-4f0d-997f-44cd2305319a,rheumatic.life,available,2.98,46.48,medium,low,9,namecheap,,,06/08/2026 23:05
e7672956-3ee4-4b0e-86d1-4761f45fdc58,simplicity.life,resell,,,high,low,10,"DNSPod, Inc.",10/03/2025 15:15,10/03/2027 15:15,
2ff56f8f-ed89-4d33-b97c-c2d44ae23b5a,diminutive.life,available,2.98,46.48,high,low,10,namecheap,,,08/08/2026 14:10
1e938747-ba3a-4c4b-956d-ab15c46620fd,harrowing.life,available,2.98,46.48,medium,low,9,namecheap,,,
509546cd-8838-4d0b-9a78-127e6d1c25d6,stranger.life,resell,,,high,low,8,"Sav.com, LLC - 19",11/03/2026 15:15,11/03/2027 15:15,
63cbb85a-e575-45ad-bbbf-9db0532436bf,fame.life,resell,,,high,low,4,Dynadot Inc,29/11/2017 14:08,29/11/2026 14:08,
8385917a-6c03-4b06-9c90-efe051f9e868,spirited.life,resell,,,high,low,8,"DNSPod, Inc.",11/01/2025 15:15,11/01/2027 15:15,
76b30204-1ae1-4a45-a0a5-795ead1657e6,achy.life,available,2.98,46.48,medium,low,4,namecheap,,,
d840c11c-4652-45fa-9267-eee95ac960d2,amyloid.life,available,2.98,46.48,medium,low,7,namecheap,,,
d4cdf880-5f85-43b3-a809-2863afde114c,excel.life,resell,,,high,low,5,Xin Net Technology Corporation,12/07/2020 16:25,12/07/2027 16:25,18/09/2026 06:46
ac976878-55a2-488c-b0aa-a717abdc9c83,retain.life,available,,,high,low,6,,,,
e05694c3-7784-426f-b1ad-1e7f9e26d459,bear.life,resell,,,high,low,4,"DNSPod, Inc.",02/07/2018 23:21,02/07/2027 23:21,17/09/2026 10:53
3034ebeb-5a0d-40d7-b0f0-4444a9fb0e18,enhance.life,resell,,,high,low,7,"Chengdu West Dimension Digital Technology Co., Ltd.",22/09/2019 08:55,22/09/2026 08:55,
178bae55-5598-4cdd-a81e-25564fa3789e,appetising.life,available,2.98,46.48,high,low,10,namecheap,,,06/08/2026 06:50
c64ae623-0653-40e8-a431-668630aec2c0,flu.life,resell,,,high,low,3,"Sav.com, LLC - 6",02/12/2024 17:00,02/12/2026 17:00,
e8fbd627-a988-4d36-853d-f2cc2964718d,ironic.life,resell,,,high,low,6,"Sav.com, LLC - 34",26/10/2025 15:16,26/10/2026 15:16,
e741ed80-f8ba-46d3-bb24-a286a6927898,mall.life,resell,,,high,low,4,"Spaceship, Inc.",16/09/2021 17:00,16/09/2026 17:00,
a6bf4d31-c2a3-4002-b358-1a4cde89ec7b,diva.life,resell,,,high,low,4,"Sav.com, LLC - 35",16/10/2025 15:15,16/10/2026 15:15,
2a145cf6-db50-4b81-9bc6-070925996f15,notion.life,resell,,,high,low,6,Alibaba Cloud Computing Ltd. d/b/a HiChina (www.net.cn),20/10/2019 21:28,20/10/2026 21:28,
1d274e36-0d06-487d-864e-7368a9c660f0,acerose.life,available,2.98,46.48,medium,low,7,namecheap,,,
c58e64a2-b3b0-49ff-a48d-6f82768771e5,ing.life,resell,,,high,low,3,"Xiamen ChinaSource Internet Service Co., Ltd",09/09/2024 17:00,09/09/2026 17:00,
10fb4c99-f0d9-433d-87cc-d1bb0387135c,nearer.life,available,2.99,,medium,low,6,name.com,,,
e3a913ae-08f7-4f44-b969-8e3158bba557,turned.life,available,2.99,,high,low,6,name.com,,,
e72a4c5a-6261-491e-a19d-1dba01fc8b7d,volkswagen.life,available,2.99,,high,low,10,name.com,,,
e99a57ea-902a-4384-a237-cd88b190eca2,regret.life,resell,,,high,low,6,"Sav.com, LLC",12/04/2026 20:21,12/04/2027 20:21,
ab0f9125-983a-49a0-9d74-e879f1385abc,asexual.life,available,2.98,46.48,high,low,7,namecheap,,,07/08/2026 01:33
969fc25b-fd47-437f-8af0-68b83cdb86a0,blades.life,available,2.99,35.99,high,low,6,namesilo,,,
146236e7-46e4-4c82-8b93-009aac30a69e,kid.life,resell,,,high,low,3,Dynadot Inc,03/12/2020 08:25,03/12/2026 08:25,
33b9d260-eec0-4ba3-bf4b-966ba9cf4535,camouflage.life,resell,2.99,,high,low,10,"Sav.com, LLC",25/04/2026 16:58,25/04/2027 16:58,
339c61ad-4202-4ac1-9a64-4ce045ea4c7b,requested.life,available,2.99,,high,low,9,name.com,,,
dffb64eb-9529-4369-924d-cf0ef102cc01,acinic.life,available,2.98,46.48,medium,low,6,namecheap,,,
d073a166-1d08-462f-beb5-61c979820b3b,jeep.life,available,,,high,low,4,,,,
5f7692d9-bed7-4d15-8930-eee67e88a94c,verse.life,resell,,,high,low,5,Squarespace Domains II LLC,21/10/2020 08:12,21/10/2026 08:12,
6447aabe-bcc0-48bd-9b1b-5bc5a7ef5dab,lxxxviii.life,available,2.98,46.48,medium,low,8,namecheap,,,
cfc0699c-e180-4eda-a81d-3ac667ac5012,radar.life,resell,,,high,low,5,"Chengdu West Dimension Digital Technology Co., Ltd.",18/07/2019 13:00,18/07/2027 13:00,19/09/2026 11:33
73ed410b-92db-4dd1-a8be-88b3420888c7,ttyl.life,available,2.99,,medium,low,4,name.com,,,
84ded208-21e2-4708-9c67-738a77aea3cb,visitor.life,resell,,,high,low,7,Squarespace Domains II LLC,25/10/2020 08:11,25/10/2026 08:11,
5a9fb48c-91fd-4c71-b74c-42034e19d3c4,perform.life,resell,,,high,low,7,Xin Net Technology Corporation,09/09/2018 08:33,09/09/2027 08:33,
e72945d3-76d7-422b-b02d-3816995ce768,toward.life,resell,,,high,low,6,Squarespace Domains II LLC,12/12/2023 15:16,12/12/2026 15:16,
dc0fa41f-827f-4a9a-b15b-e0d2042f1d78,adjective.life,available,2.98,46.48,high,low,9,namecheap,,,
59b35d22-332c-4c21-a4b4-16afdb4f201a,unimportant.life,available,2.99,,medium,low,11,name.com,,,
b9e815eb-5539-4489-a1bd-0c40b1f8584f,flood.life,resell,,,high,low,5,"Chengdu West Dimension Digital Technology Co., Ltd.",10/11/2019 02:48,10/11/2026 02:48,
a854c774-50b3-4620-9c6f-6733afbfc318,noticed.life,available,2.99,,high,low,7,name.com,,,
857625f9-99b4-49b6-9995-fbfd0a6185e2,classroom.life,resell,,,high,low,9,"Sav.com, LLC - 38",09/03/2026 15:15,09/03/2027 15:15,
2d83194d-80da-4614-b20e-cfae00409d0c,sainted.life,available,2.98,46.48,high,low,7,namecheap,,,
08af73ca-3702-47a7-8a71-ce294ad7f68b,shoulders.life,available,2.99,,high,low,9,name.com,,,
ef74a526-951e-4529-8ddc-d6f407b27add,nephew.life,available,2.99,,high,low,6,name.com,,,
34959fae-a1d4-41e6-8f5a-e78ec49942f8,died.life,available,2.99,35.99,low,low,4,namesilo,,,
bfa0baf3-c04a-4039-a4d6-8945a74aee4e,rainbow.life,resell,,,high,medium,7,Unstoppable Domains Inc,21/02/2017 00:21,21/02/2027 00:21,
efe4f3b6-b4a9-422b-b48c-5500b060b328,cord.life,resell,,,high,low,4,Dynadot Inc,16/02/2018 00:12,16/02/2027 00:12,
efa7c788-1ddd-4f33-8f2a-753074bc4301,athenian.life,available,2.98,46.48,medium,low,8,namecheap,,,07/08/2026 13:08
5cad9bdb-1a0f-4a02-b3d2-d03cdea6c9cf,diplomate.life,available,2.99,35.99,high,low,9,namesilo,,,
1e9b9598-edd3-4521-973c-07dd921dde6f,background.life,resell,,,high,low,10,Dynadot Inc,14/05/2018 09:20,14/05/2027 09:20,
0f48ec74-c7df-481d-8534-a994377a39d4,airless.life,available,2.98,46.48,medium,low,7,namecheap,,,
14b581db-2730-4926-9c48-4b2a95c77a8f,asserted.life,available,2.98,46.48,medium,low,8,namecheap,,,07/08/2026 05:54
4d56408b-b5a9-47d1-b5f9-121fe1a80ca8,deepest.life,available,2.99,,medium,low,7,name.com,,,
d519944b-c6e6-4efc-9eb7-60f041b9e1ce,allowable.life,available,2.98,46.48,high,low,9,namecheap,,,
493b7792-4274-45bb-a669-ce6fb6928b7c,aerie.life,available,,,high,low,5,,,,
7c7f5f59-55ec-44bf-9dcc-2419adf159a6,facet.life,resell,,,high,low,5,"Sav.com, LLC - 17",27/03/2025 15:15,27/03/2027 15:15,
668d7e69-9c7f-43ae-9c53-d3d6fb3cd1fd,fundament.life,available,,,low,low,9,,,,
a9007a26-8e53-4fbe-ab52-efd5458b505e,pollen.life,resell,,,high,low,6,Xin Net Technology Corporation,13/08/2025 15:15,13/08/2027 15:15,20/09/2026 20:17
939f2db5-4613-4fde-bae6-1d6ae51697ea,multiplication.life,available,2.99,,medium,low,14,name.com,,,
9b583478-44fd-4b35-86f7-0da5ca1924da,atilt.life,available,2.98,46.48,medium,low,5,namecheap,,,07/08/2026 13:13
89aaaf87-f137-430c-b2eb-78cb4682575c,strapping.life,available,2.98,46.48,high,low,9,namecheap,,,09/08/2026 08:02
bf601f1c-c129-4a30-b71d-1ae6c924de69,adamantine.life,available,2.98,46.48,medium,low,10,namecheap,,,
4cd9275a-caa5-4080-9488-21cd7ea31721,was.life,resell,,,medium,low,3,Dynadot Inc,18/12/2017 04:57,18/12/2026 04:57,
ac8c2ebd-fe17-4f3c-8d64-9cd74fc1e016,tornado.life,resell,,,high,low,7,"DNSPod, Inc.",26/03/2024 15:15,26/03/2027 15:15,
c0cd5651-eec9-4865-ab3a-e0205e997cda,consist.life,available,2.99,35.99,high,low,7,namesilo,,,
d2669e88-4d99-4309-95a2-e85b02735969,hanukkah.life,available,,,high,low,8,,,,
4665e883-f8ed-4d9c-9acf-eafa572e6801,nothing.life,resell,,,high,low,7,Xin Net Technology Corporation,16/06/2023 15:15,16/06/2028 15:15,18/09/2026 05:27
762af782-2846-4f27-8cc3-57ea86e970af,estado.life,available,2.99,,high,low,6,name.com,,,
b0b71137-ce4c-4d30-a0c2-296f1cf67b7d,agrestic.life,available,2.98,46.48,medium,low,8,namecheap,,,
dced00b7-d348-4490-8319-f2954d9af335,apposite.life,available,2.98,46.48,medium,low,8,namecheap,,,06/08/2026 07:53
a5a0f13e-110f-46fe-8203-8c6a4b7b883e,bearded.life,resell,,,high,low,7,"DNSPod, Inc.",13/04/2020 00:59,13/04/2027 00:59,08/08/2026 16:05
82aa26e6-9e02-46b8-956f-a76591b698da,fruity.life,resell,,,high,low,6,"DNSPod, Inc.",12/01/2020 21:38,12/01/2027 21:38,06/08/2026 21:00
74016b31-50df-443d-98a3-5d0d8f796fd1,mono.life,resell,,,high,low,4,Xin Net Technology Corporation,10/07/2018 08:32,10/07/2027 08:32,18/09/2026 01:27
ba4e6acd-14e8-4e89-bdfa-5ad823edff5e,pink.life,resell,,,high,low,4,Alibaba Cloud Computing Ltd. d/b/a HiChina (www.net.cn),24/12/2019 07:22,24/12/2026 07:22,
1172fefe-8fbb-4541-a47a-dbed2be9d37a,chesty.life,available,2.98,46.48,medium,low,6,namecheap,,,06/08/2026 22:08
013cb067-7cf1-4d55-9a04-0c25d895115e,potbellied.life,available,2.98,46.48,medium,low,10,namecheap,,,
631b43bf-5bc2-41de-812f-c426c5e0df74,wrote.life,available,2.99,,medium,low,5,name.com,,,
6af2119d-82c8-4474-819a-59c62439663c,theyre.life,available,2.99,,medium,low,6,name.com,,,
d372d751-2eb3-4f65-a9ea-08382cd38ac7,disciple.life,resell,,,high,low,8,Xin Net Technology Corporation,09/03/2020 19:02,09/03/2027 19:02,
d33a25b9-4bf0-4cfa-a78e-ac8d190bff24,olive.life,resell,,,high,low,5,"Chengdu West Dimension Digital Technology Co., Ltd.",22/04/2019 09:24,22/04/2027 09:24,
af6f3e4f-8d2b-49b0-a270-7f44cb005752,pronounced.life,available,2.99,,high,low,10,name.com,,,
9df8e17d-03c1-4e5b-ae06-bcd9b876bbdc,tin.life,resell,,,high,low,3,"Sav.com, LLC - 19",22/03/2026 15:15,22/03/2027 15:15,
39e042cf-a8be-4b7f-87dd-a51981a30237,seats.life,available,2.99,,high,low,5,name.com,,,
68ba765f-50e4-4910-a6ab-206b64fdb4b2,both.life,resell,,,high,low,4,"Chengdu West Dimension Digital Technology Co., Ltd.",12/12/2019 09:17,12/12/2026 09:17,
309cbe7e-4204-4b57-a06e-5a428441a157,pillowcase.life,available,2.99,,high,low,11,name.com,,,
f4106a7f-49dd-4c5c-ab78-649c6632682c,bruise.life,available,,,high,low,6,,,,
914a7a2e-c285-4cc8-bc07-b6d0f1c06136,however.life,available,2.99,,high,low,7,name.com,,,
77691623-9060-4f42-ad05-5cf2ebf25603,scatty.life,available,2.98,46.48,medium,low,6,namecheap,,,
23cdf47e-06b7-4615-b9f5-54ed43fb6a97,marco.life,resell,,,high,low,5,"Xiamen ChinaSource Internet Service Co., Ltd",07/11/2025 15:15,07/11/2026 15:15,
cafa1008-472b-477c-94d0-55802e7dcce1,teeth.life,resell,,,high,low,5,Xin Net Technology Corporation,16/07/2019 08:35,16/07/2027 08:35,19/09/2026 08:07
2f3bb665-d27a-46e3-94bb-8b0f24707a54,mash.life,resell,,,high,low,4,"DNSPod, Inc.",22/11/2019 00:01,22/11/2026 00:01,
a8ea7c91-3857-4ed6-ad18-665adae5669a,derriere.life,available,2.98,46.48,low,low,8,namecheap,,,09/08/2026 11:55
3e777f6b-d12d-47c4-9bb0-cdd4a80c4e15,saturday.life,resell,,,high,low,8,Squarespace Domains II LLC,04/01/2020 02:19,04/01/2027 02:19,
421ee4ba-3553-4bc8-aa0e-ec1806d725a3,acold.life,available,2.98,46.48,medium,low,5,namecheap,,,
ee833106-8a06-46a7-8bae-b5fbf7db9012,askant.life,available,2.98,46.48,medium,low,6,namecheap,,,07/08/2026 03:05
9f3d4bf0-3cc1-484b-b0be-e90e17073979,concoct.life,available,2.99,35.99,high,low,7,namesilo,,,
a68c30c6-6fcc-4046-b40a-4e40bcfc112b,solely.life,available,,,high,low,6,,,,
553d32f2-09d5-4579-b36b-1f3e9bb5e9f0,acetic.life,available,2.98,46.48,medium,low,6,namecheap,,,
cd911700-b144-47ac-a27b-aa392230f8a1,diminished.life,available,2.98,46.48,medium,low,10,namecheap,,,07/08/2026 15:00
9ccafc92-463d-4c7b-978d-b4660814c023,concluded.life,available,2.98,46.48,high,low,9,namecheap,,,
c44799e0-2b40-4678-a15d-5bbd0b079235,choose.life,resell,,,high,low,6,"NameSilo, LLC",04/12/2017 08:19,04/12/2026 08:19,
d6a94d28-ef0d-4364-8de8-bcc7b1f605dc,struggle.life,resell,,,high,low,8,"Xiamen ChinaSource Internet Service Co., Ltd",03/12/2021 13:15,03/12/2026 13:15,
a486dc74-2f78-4b37-95c3-ac0e29da3f31,closely.life,available,,,high,low,7,,,,
9c1b724a-7da0-46b0-b025-8019932323bd,pressed.life,resell,,,high,low,7,"DNSPod, Inc.",10/10/2024 17:00,10/10/2026 17:00,
a4302017-1d5b-4f94-afbe-1383f2f040d3,beady.life,available,2.98,46.48,medium,low,5,namecheap,,,09/08/2026 03:23
2cd82df7-4f8c-4438-88c9-875c2aa94c3d,newfound.life,resell,,,medium,low,9,"DNSPod, Inc.",19/07/2025 15:15,19/07/2027 15:15,08/09/2026 04:48
0ff524e2-acb5-487e-b0e4-0b57fbdfb85b,peaceful.life,resell,,,high,low,8,Squarespace Domains II LLC,30/11/2024 15:15,30/11/2026 15:15,
834d0e90-4d6e-47d8-b382-a3b933722502,choir.life,resell,,,high,low,5,Xin Net Technology Corporation,29/06/2020 09:23,29/06/2027 09:23,17/09/2026 04:37
51a39a8f-1fe3-4752-9234-5495e0d082bf,least.life,available,2.99,,high,low,5,name.com,,,
79d35b26-eff5-4234-b62c-ad9a0e27c078,seriously.life,resell,,,high,low,9,"Sav.com, LLC",28/01/2026 21:44,28/01/2027 21:44,
9cb64ad4-f0b2-44ce-9775-ed09376c93ed,hipaa.life,available,2.99,,high,low,5,name.com,,,
9953499a-31fe-43c2-a181-6ca8e6226cb6,basics.life,resell,,,high,low,6,"Xiamen ChinaSource Internet Service Co., Ltd",24/10/2025 15:15,24/10/2026 15:15,
b385169c-18d3-4d4e-9e92-fbd373b5c758,detail.life,resell,,,high,low,6,Xin Net Technology Corporation,29/06/2018 08:19,29/06/2027 08:19,17/09/2026 04:36
38488182-a39d-4f73-8faa-c7123c99fcaa,demo.life,resell,,,high,medium,4,"Chengdu West Dimension Digital Technology Co., Ltd.",21/01/2019 12:45,21/01/2027 12:45,
e054bae0-41a0-464d-be3c-3d0039d678ef,raunchy.life,available,2.98,46.48,medium,low,7,namecheap,,,09/08/2026 09:41
4c9e8347-c3df-41da-939c-913092d78e3f,reset.life,available,,,high,low,5,,,,
2de7211f-19ee-43f5-ae42-45cecaf4da02,dingy.life,available,2.98,46.48,medium,low,5,namecheap,,,09/08/2026 09:20
efc7a31e-bf83-4462-a474-f345d46a25cb,godzilla.life,available,,,high,low,8,,,,
79712b06-ba15-4309-85f5-64d67f1b460a,aground.life,available,2.98,46.48,medium,low,7,namecheap,,,
0ebe3aff-b68b-4648-8370-302d1f83d771,bacon.life,resell,,,high,low,5,"DNSPod, Inc.",17/01/2021 12:07,17/01/2027 12:07,
8e306b33-ad46-41d9-92df-462fbd60dc20,overdue.life,resell,,,high,low,7,Dynadot Inc,08/12/2025 12:11,08/12/2026 12:11,
8f927658-877c-4b19-b5c7-21163ab83a92,panoptic.life,available,2.98,46.48,medium,low,8,namecheap,,,
bbe9baaf-ca99-4499-97bd-058df0d8255e,reflex.life,resell,,,high,low,6,"Chengdu West Dimension Digital Technology Co., Ltd.",07/11/2019 09:14,07/11/2026 09:14,
1da8fa04-b8d2-4637-8889-8e641790f8d9,builder.life,resell,,,high,low,7,Alibaba Cloud Computing Ltd. d/b/a HiChina (www.net.cn),21/08/2016 09:23,21/08/2027 09:23,21/09/2026 05:15
777024f5-def9-4d88-b07f-2109865ec6bc,ailing.life,available,2.98,46.48,high,low,6,namecheap,,,
2d6415c9-294c-4736-afa3-6679496f890d,analyzed.life,available,2.98,46.48,medium,low,8,namecheap,,,
552dc1fe-bda9-4023-b471-1eb0b9e1c337,nike.life,available,,,high,low,4,,,,
481a3bfb-0c9c-4719-9eb4-83fb35e8f4a7,resounding.life,available,2.99,,high,low,10,name.com,,,
c9add503-56fc-4772-b32f-52e9a8824beb,identified.life,available,2.99,,high,low,10,name.com,,,
79e2bf5f-96cb-428d-8858-c88362524955,adorables.life,available,2.99,35.99,high,low,9,namesilo,,,
1d70785f-a2af-4220-8d2b-937913f6314c,ale.life,resell,,,high,low,3,"Sav.com, LLC - 31",18/08/2025 15:15,18/08/2027 15:15,21/09/2026 01:33
5749841a-e648-441f-aba3-bc8f55503b4f,traffic.life,resell,,,high,low,7,Xin Net Technology Corporation,26/07/2019 09:23,26/07/2027 09:23,20/09/2026 00:10
9ec0a0be-b95b-421a-8b0d-68c494690e28,cxlv.life,available,2.98,46.48,high,low,4,namecheap,,,
b644cf48-3531-440a-89eb-b3072104f3e4,thanks.life,resell,,,high,low,6,"Sav.com, LLC - 47",02/12/2025 15:15,02/12/2026 15:15,
1ac83cc2-c714-41de-ada6-1cb69e794f51,absorbent.life,available,2.98,46.48,high,low,9,namecheap,,,
56a604cc-b20a-4aa8-a957-89839f52a4aa,steel.life,resell,,,high,low,5,"DNSPod, Inc.",21/04/2018 08:26,21/04/2027 08:26,
7d2ca19c-fcab-45b4-8025-00c5e6d85a72,azygos.life,available,2.98,46.48,medium,low,6,namecheap,,,08/08/2026 03:32
c77b2dbb-656b-4288-8b1c-341fd418b412,happily.life,resell,,,high,low,7,"Global Domains International, Inc. DBA DomainCostClub.com",05/10/2025 15:15,05/10/2026 15:15,
a6add177-43d1-4813-8267-0be58d4022d8,anomic.life,available,,,low,low,6,,,,
bf04d46f-1fab-40d3-9774-521868b5f5d6,sausage.life,resell,,,high,low,7,"Sav.com, LLC - 23",09/10/2025 15:15,09/10/2026 15:15,
0c76f6d4-ed29-4db1-9a7c-00ff09236f52,returned.life,available,2.99,,high,low,8,name.com,,,
baed4315-480a-44cc-b247-23c9ca6c5373,atp.life,resell,,,high,low,3,Dynadot Inc,21/09/2025 17:00,21/09/2026 17:00,
5249091f-d93a-4c93-a19a-c9b5b106bbbe,sensitive.life,resell,,,high,low,9,"DNSPod, Inc.",01/11/2019 09:39,01/11/2026 09:39,
537713ae-4b4b-4550-90d2-6ec9340ce233,publicized.life,available,2.99,,high,low,10,name.com,,,
de658bac-a840-4d3a-9191-b406b17280f2,daring.life,resell,,,high,low,6,"Sav.com, LLC - 25",18/03/2026 15:15,18/03/2027 15:15,07/08/2026 21:39
d036d63c-aa55-435b-97d7-62b059778b5f,condense.life,available,2.99,35.99,high,low,8,namesilo,,,
afaff91e-bbb7-42eb-af6c-4ef32a499a11,lighten.life,resell,,,high,low,7,"Chengdu West Dimension Digital Technology Co., Ltd.",18/03/2022 13:15,18/03/2027 13:15,
1b98b7d5-fb29-445f-9907-dc55856c9e01,allusive.life,available,2.98,46.48,high,low,8,namecheap,,,
8ec4c384-5bfd-475b-ae9f-f44b0a3b18b5,psyche.life,resell,,,high,low,6,"DNSPod, Inc.",14/09/2019 17:03,14/09/2026 17:03,
64b8b35e-688d-44c9-8e55-11e52e9e51ff,retained.life,available,2.99,,high,low,8,name.com,,,
63323786-bfbb-416f-89b0-496ad286e21d,goat.life,resell,,,high,medium,4,"DNSPod, Inc.",23/09/2020 08:15,23/09/2026 08:15,
a872f854-e04e-4f30-bcf1-e85f343dba26,xoxoxo.life,available,2.99,,high,low,6,name.com,,,
f15763b2-123f-4407-9f4d-06914f9c5917,pail.life,available,2.99,,high,low,4,name.com,,,
c22beb29-c5c4-4f71-a1eb-448ac89b0e91,glancing.life,available,2.99,35.99,high,low,8,namesilo,,,
784cdc86-adc5-4f32-894e-578ad0f4a43d,aspirin.life,available,,,high,low,7,,,,
d9cf131e-bbef-4c15-a3a7-ab9115d64697,tomboy.life,available,2.99,,high,low,7,name.com,,,
ea3db713-1742-4e86-828c-0fc95c6286b1,handle.life,resell,,,high,low,6,Squarespace Domains II LLC,23/12/2018 07:52,23/12/2026 07:52,08/09/2026 13:26
6e6aef46-57b0-4903-8c2d-aa84b561b25e,blood.life,resell,,,high,low,5,"Spaceship, Inc.",12/04/2021 23:59,12/04/2027 23:59,
170aa4d6-dd54-4a35-9e71-c76b6bd97dab,alamo.life,available,,,high,low,5,,,,
98caf9eb-412a-4552-9a53-6340252c7f9f,affectionate.life,available,2.99,,high,low,12,name.com,,,
545e5d59-b06b-4310-b003-fd018db6e768,bemused.life,available,2.98,46.48,medium,low,7,namecheap,,,07/08/2026 11:47
34ce7dc3-9fda-40ba-b592-66a9b4dad396,amoeboid.life,available,2.98,46.48,medium,low,8,namecheap,,,
606896aa-fc4d-4090-a7be-03adc3890aaf,advertent.life,available,2.98,46.48,medium,low,9,namecheap,,,
1b1889fe-2c34-4d58-bfe9-28c69008b239,westminster.life,resell,,,high,low,11,"Sav.com, LLC",27/04/2026 20:43,27/04/2027 20:43,
f0d97136-5bb4-4fd4-a498-44097b115f71,toe.life,resell,,,high,low,3,"Sav.com, LLC - 45",20/12/2025 15:15,20/12/2026 15:15,
5a69b96b-7c9b-4ab0-81a0-339aa8016e8d,eighty.life,available,2.98,46.48,high,low,6,namecheap,,,
577b8b70-1fd4-4e6f-ae88-2a2762ba86b5,dinner.life,resell,,,high,low,6,"DNSPod, Inc.",21/01/2019 19:00,21/01/2027 19:00,
b9ee3113-03a0-4741-ad62-e9533ad05486,skype.life,available,,,high,low,5,,,,
3e04fa4b-4fec-4384-a3e9-ed2151d2245f,widely.life,available,2.99,,high,low,6,name.com,,,
f9abef2d-6a02-411e-bccd-0aa7c2f7d347,perfected.life,available,2.99,,high,low,9,name.com,,,
48c8b0db-5560-4a0d-812c-6e90930d15b2,stupid.life,resell,,,high,low,6,"Sav.com, LLC - 33",17/11/2025 15:15,17/11/2026 15:15,
c1f6d4c8-daac-4bfc-91ed-a769db55e4b9,tortured.life,available,,,medium,low,8,,,,
068febc3-29f2-483a-b04b-4e77916641c3,recipient.life,available,2.99,,high,low,9,name.com,,,
dfd09f9f-a29a-40e5-aef8-1c463c0dee9b,microphone.life,available,2.99,,high,low,10,name.com,,,
c010a3ca-8808-4619-9633-4e1d5df0d8d9,seven.life,resell,,,high,medium,5,"Chengdu West Dimension Digital Technology Co., Ltd.",23/02/2018 19:46,23/02/2027 19:46,
853ddb45-d6b3-4302-8352-eb03c1992854,shooting.life,premium,46.2,92.4,high,low,8,namecheap,,,
b32da2de-fc41-4198-bb4f-f63072b7267d,discredit.life,available,2.99,35.99,high,low,9,namesilo,,,
b81e5494-a8dc-4c73-835a-f1ca379f18f0,inexorable.life,available,2.98,46.48,medium,low,10,namecheap,,,
cfc3c5d1-269f-4506-b3fe-886294e25078,affixed.life,available,2.98,46.48,medium,low,7,namecheap,,,
344355fa-bdc4-48a0-9f87-dab53cec12a7,yellowcake.life,available,2.99,,medium,low,11,name.com,,,
a3d5f02b-00ec-4ff1-b6c4-aad8c7a2fba1,condemn.life,available,2.99,35.99,medium,low,7,namesilo,,,
07df5984-7dea-43a2-b694-e3ada92ca468,abrupt.life,available,2.99,43.99,high,low,6,name.com,,,
9cd40138-2112-44bc-910a-de26d3bd3862,control.life,resell,,,high,low,7,"Spaceship, Inc.",22/01/2021 00:41,22/01/2027 00:41,08/09/2026 08:00
3782e459-2d7c-43f5-8fb4-3999bdc0fe43,soon.life,resell,,,high,low,4,"DNSPod, Inc.",05/03/2024 15:15,05/03/2027 15:15,
bf28dc1b-681c-4510-8cf3-c0759363d6e8,modeller.life,available,2.99,,high,low,8,name.com,,,
3f08b009-18bb-461f-819f-d34e0e8711e0,morning.life,resell,,,high,low,7,Squarespace Domains II LLC,30/11/2019 08:24,30/11/2026 08:24,
dea7a263-815c-426f-9118-88bd7e527e01,blowout.life,available,2.99,,high,low,7,name.com,,,
6ff682c1-f66f-4830-83ce-49572e048ab5,existent.life,available,2.98,46.48,high,low,8,namecheap,,,
b908127f-4f96-42cd-9752-4d40f6c555e1,should.life,resell,,,high,low,6,"Sav.com, LLC - 32",02/03/2026 15:16,02/03/2027 15:16,
9a98317d-6443-4950-9a15-563aed6f76f5,ascending.life,resell,,,high,low,9,Xin Net Technology Corporation,12/07/2023 15:15,12/07/2027 15:15,07/08/2026 00:51
036b8753-ca2c-4ee5-9344-0cc26d3a6a29,devote.life,resell,,,high,low,6,"Sav.com, LLC",02/02/2026 20:49,02/02/2027 20:49,
f67347fb-f404-4c6e-8d6f-f569ecdb136f,categorical.life,available,2.99,35.99,high,low,11,namesilo,,,
594f9407-d589-4347-9c6f-7d05b58b4de5,showering.life,available,2.99,,high,low,9,name.com,,,
e2225f22-fa79-47eb-af19-6572284e97b6,invalid.life,available,,,high,low,7,,,,
c491c304-7172-4486-b48a-2df5729bc565,antitank.life,available,2.98,46.48,medium,low,8,namecheap,,,05/08/2026 19:44
c30623ce-ac71-4d38-bd9f-ba2cebf96b77,argentic.life,available,2.98,46.48,medium,low,8,namecheap,,,06/08/2026 18:06
ad9526fe-20c5-4daa-a277-8b78d3e24af2,detailing.life,resell,,,high,low,9,"DNSPod, Inc.",07/10/2024 15:15,07/10/2026 15:15,
aa164ba0-130f-41a5-b3d9-1ff74c1a5ef4,arty.life,resell,,,high,low,4,"Chengdu West Dimension Digital Technology Co., Ltd.",09/02/2023 15:15,09/02/2027 15:15,06/08/2026 23:51
561c8cdb-85e5-478f-b943-f30552a8feaa,adoptive.life,available,2.98,46.48,high,low,8,namecheap,,,
a60fba26-0cae-4015-b9b9-28cd2d1ce703,afterwards.life,available,2.98,46.48,medium,low,10,namecheap,,,
49b51f22-6855-40cf-9b76-c0087ffb908a,elsewhere.life,resell,,,high,low,9,"Sav.com, LLC - 6",31/01/2026 15:15,31/01/2027 15:15,
517f9874-c2ce-40aa-a73d-cdfa71f320cf,daddy.life,resell,,,high,low,5,"Spaceship, Inc.",30/06/2023 15:15,30/06/2027 15:15,17/09/2026 06:47
797e3e70-f0db-4652-a842-39ef68c0c8df,pad.life,resell,,,high,low,3,"DNSPod, Inc.",09/11/2024 15:16,09/11/2026 15:16,
31578f8e-3d48-41b3-91db-e5a9ffacc7c7,bewildered.life,available,2.98,46.48,medium,low,10,namecheap,,,07/08/2026 11:52
0c84b02b-c720-498e-9d31-f7ed3eca7c36,die.life,available,,,high,low,3,,,,
f7f81e84-9dd3-49fc-b04e-b54069788066,appointive.life,available,2.98,46.48,medium,low,10,namecheap,,,06/08/2026 07:16
d63b88ec-1cef-4895-8e0e-09525dc2198f,internal.life,resell,,,high,low,8,Alibaba Cloud Computing Ltd. d/b/a HiChina (www.net.cn),31/07/2019 02:02,31/07/2027 02:02,20/09/2026 05:27
622ad6a4-7952-44a7-aedc-f64f6adf4335,sentence.life,available,2.99,,high,low,8,name.com,,,
7af8d24a-0804-49ab-876e-538a0777aa6a,assorted.life,available,2.98,46.48,medium,low,8,namecheap,,,07/08/2026 07:25
81264b3a-03de-4724-91ac-c53c210d3586,anaemia.life,available,2.99,35.99,medium,low,7,namesilo,,,
22da238c-575a-47bc-8346-5ca74cf22125,painkiller.life,available,2.98,46.48,high,low,10,namecheap,,,
2fc19eb1-4961-4ad6-a315-f4940fdeb180,furtive.life,available,2.98,46.48,medium,low,7,namecheap,,,08/08/2026 06:32
2524a72d-ebe7-45ea-83c8-88fa09a9f693,quarters.life,resell,,,high,low,8,"DNSPod, Inc.",04/11/2023 15:16,04/11/2026 15:16,
60f537ad-cbe8-46bc-9f51-aefa147f585f,frequently.life,available,2.99,,high,low,10,name.com,,,
53a18ecd-fd67-4cf8-a8a0-6ee74e20899f,separation.life,available,2.99,,high,low,10,name.com,,,
3d3c3a54-48a1-4d87-86f7-13548433c2f2,refundable.life,available,2.99,,high,low,10,name.com,,,
2baad4f0-5a45-4d3d-a5b9-161e302043b1,ariose.life,available,2.98,46.48,medium,low,6,namecheap,,,06/08/2026 19:19
0ffb68d5-7534-4d23-94fa-6d86efca710a,bringing.life,resell,,,high,low,8,"Sav.com, LLC - 45",22/11/2025 15:15,22/11/2026 15:15,
463d4475-ec03-4e15-b86b-25a801b83fe7,shortly.life,available,2.99,,high,low,7,name.com,,,
13d642b1-1d01-4891-85ac-f0412e1b9d61,matrix.life,resell,,,high,medium,6,"Chengdu West Dimension Digital Technology Co., Ltd.",12/12/2017 03:26,12/12/2026 03:26,
b7711aac-09c2-4540-b4ea-4e1ff13813df,uncontrollable.life,available,2.99,,medium,low,14,name.com,,,
00fe1e4f-6772-484b-81d9-e019aa1d2931,encourage.life,resell,,,high,low,9,"Chengdu West Dimension Digital Technology Co., Ltd.",16/08/2019 23:51,16/08/2027 23:51,20/09/2026 23:34
cc9a4d2e-17d0-4c3d-8558-0bbfc489be97,victorian.life,premium,69.3,138.6,high,low,9,namecheap,,,
fa4dbf18-c640-4e75-908c-88f2cd1d5a82,soaker.life,available,2.98,46.48,medium,low,6,namecheap,,,
1787ba21-2dee-4965-afe5-9f05f1088cd2,candidacy.life,available,2.99,35.99,high,low,9,namesilo,,,
09a6d1d3-b70e-4341-b0f1-9eec12771051,prodigy.life,resell,,,high,low,7,"DNSPod, Inc.",17/01/2020 12:11,17/01/2027 12:11,
449dc860-96d5-4e54-a7b6-765b12c108bb,situation.life,resell,,,high,low,9,"Sav.com, LLC - 23",27/11/2025 15:15,27/11/2026 15:15,
fd9eaee2-cd06-416b-b31a-f1ff8f073fb5,illuminated.life,resell,,,high,low,11,"DNSPod, Inc.",17/04/2021 08:18,17/04/2027 08:18,
7c30cc86-dc4f-44ef-9c53-95e5d0613438,barbarous.life,available,2.98,46.48,medium,low,9,namecheap,,,08/08/2026 15:40
bb0a1721-fadf-4c3c-908b-d0c72580bc47,poisoning.life,available,2.99,,medium,low,9,name.com,,,
627583f3-2145-4964-8978-0baeccd4f89d,devise.life,resell,,,high,low,6,"Sav.com, LLC - 20",26/12/2025 15:15,26/12/2026 15:15,
5ad90fc2-2604-4d80-9d32-ebc2af4a9192,characteristic.life,available,2.99,,high,low,14,name.com,,,
cdd2544b-08c0-4fe2-ba98-637997fee4ad,hedge.life,resell,,,high,low,5,"Xiamen ChinaSource Internet Service Co., Ltd",07/11/2025 15:15,07/11/2026 15:15,
da408e7c-d91b-4c99-bde7-02577e4e533b,bro.life,resell,,,high,low,3,"DNSPod, Inc.",31/10/2018 09:12,31/10/2026 09:12,
4b74e4b7-9c24-4ec7-b0f9-c9f677c02726,beside.life,resell,,,high,low,6,"Sav.com, LLC",05/04/2026 19:53,05/04/2027 19:53,
7a9af7eb-e65d-4a3a-ad5c-be0ea1477a6d,performs.life,available,2.99,,medium,low,8,name.com,,,
07e212c0-4c08-4025-885f-f1c188628751,abreast.life,available,,,high,low,7,,,,
c2b923f8-ff19-49ef-9212-298219d54f3a,adust.life,available,2.98,46.48,medium,low,5,namecheap,,,
5b9c0fd4-5059-419c-8152-5e4de7530599,lying.life,available,2.99,,high,low,5,name.com,,,
f2aae90b-3973-4019-93f3-84c673ecefd4,abkhaz.life,available,2.98,46.48,high,low,6,namecheap,,,
49a24bbf-dc07-4409-a821-d941946b9020,assigned.life,available,2.98,46.48,medium,low,8,namecheap,,,07/08/2026 06:35
d4c37210-2085-40b2-b5ed-e03b319b741f,youth.life,resell,,,high,low,5,"GoDaddy.com, LLC",23/02/2018 23:22,23/02/2027 23:22,
68bbfe11-f8d2-485f-9ad7-474e74364f6a,talent.life,resell,,,high,medium,6,"Chengdu West Dimension Digital Technology Co., Ltd.",13/03/2017 16:08,13/03/2027 16:08,
864956f5-e345-4781-89e2-2500bd4904c6,beatable.life,available,2.98,46.48,medium,low,8,namecheap,,,09/08/2026 05:37
8a5f786f-6103-4ff9-b0c2-3a02b1822ff8,agleam.life,available,2.98,46.48,medium,low,6,namecheap,,,
3649fdc6-a445-42be-a8f4-e717d0bb3e0c,patriotism.life,available,2.99,,high,low,10,name.com,,,
1fe8e53e-2c91-40ea-9c9a-52da5f50b6de,speculate.life,available,2.99,,high,low,9,name.com,,,
f0683474-bf8f-43fe-9461-b234d212fb84,artful.life,resell,,,high,low,6,Xin Net Technology Corporation,01/02/2021 08:25,01/02/2027 08:25,06/08/2026 22:44
5b4e228c-bda5-4c5f-8f0a-e1755f98620d,especially.life,available,2.99,,high,low,10,name.com,,,
8e058260-9d57-43ca-bb97-5e46a9eb3f19,anodic.life,available,2.98,46.48,high,low,6,namecheap,,,
d50933cb-7fdf-4cac-b484-cd5e07c970a4,apnoeic.life,available,2.98,46.48,medium,low,7,namecheap,,,06/08/2026 00:46
11192cbd-25dc-4545-a262-ce8780f6a2c9,convinced.life,available,2.99,35.99,high,low,9,namesilo,,,
232272a6-1b6a-4bfb-becf-2ff0f35cecd3,autistic.life,resell,,,high,low,8,"Sav.com, LLC",30/11/2023 17:29,30/11/2025 17:29,
90277b73-9b65-48f2-9ed8-696ce5565e79,choc.life,resell,,,high,low,4,UM DOMAINS PTE. LTD,01/05/2026 15:16,01/05/2027 15:16,24/09/2026 07:43
969e6c97-806d-4296-8e0f-3dcf77ed5383,besides.life,available,2.99,35.99,high,low,7,namesilo,,,
47fa0c3a-b6e6-4254-be43-828716015df4,sunglass.life,resell,,,high,low,8,"Sav.com, LLC - 48",31/03/2025 15:15,31/03/2027 15:15,
1b8b4f88-5526-4dbe-b383-5afbfcea17af,damascus.life,available,,,high,low,8,,,,
459482a4-daf1-4596-95a2-b4eeecfb1708,suspense.life,available,2.99,,high,low,8,name.com,,,
1cb6f9d9-d80f-406e-9cd6-67f438d79da0,assignable.life,available,2.98,46.48,medium,low,10,namecheap,,,07/08/2026 06:19
a7d65286-61d9-4d9a-ab59-aab80604e07b,lego.life,available,,,high,low,4,,,,
a1f81533-39bb-4095-9e50-ec872aafb884,abyssal.life,available,2.98,46.48,medium,low,7,namecheap,,,
59ee3537-7242-431c-95b3-8527e09917b0,acknowledged.life,available,2.99,,high,low,12,name.com,,,
583ce2ab-f80c-4004-9697-152f3fc22db3,completion.life,available,2.99,35.99,high,low,10,namesilo,,,
17c698ea-23f7-448a-913a-a14604ef1fb7,leaves.life,resell,,,medium,low,6,"Sav.com, LLC - 26",04/03/2026 15:15,04/03/2027 15:15,08/09/2026 09:50
7eba7e99-5068-4bd0-abaf-fb4cae070ca7,towed.life,available,2.99,,medium,low,5,name.com,,,
8596335e-b7be-4e02-94de-97b2a5ce3956,bachelor.life,resell,,,high,low,8,"Chengdu West Dimension Digital Technology Co., Ltd.",13/05/2024 15:15,13/05/2027 15:15,24/09/2026 06:57
534a1f63-9ab8-4360-a3e7-d8d507d5baea,imagination.life,resell,,,high,low,11,Xin Net Technology Corporation,02/09/2019 23:51,02/09/2027 23:51,24/09/2026 00:12
84e44059-38ad-40e5-ab12-010665518ce2,shakespeare.life,available,2.99,,high,low,11,name.com,,,
169a4305-ae93-4a87-97c9-c6552b4e9434,nondrinker.life,available,2.98,46.48,medium,low,10,namecheap,,,
e1e9753e-2f93-4d1d-9c7a-9b0f2e7e62fc,snicker.life,available,2.99,,high,low,7,name.com,,,
e34fbcf3-febe-43b2-9931-e81657424bac,lithuania.life,available,,,high,low,9,,,,
a1045c8e-661f-420e-bd45-b22c52bdb62f,amongst.life,available,2.99,35.99,medium,low,7,namesilo,,,
64029b06-8ca2-46d4-8b2b-5eaabcb55912,feels.life,available,2.99,,high,low,5,name.com,,,
f7eec529-d1b4-49c5-bb97-cadb508674ad,reporting.life,resell,,,high,low,9,"Sav.com, LLC - 46",10/11/2025 15:16,10/11/2026 15:16,
83718ca6-a0d3-4ec1-8e8b-71abccaf77fe,boot.life,resell,,,high,low,4,Dynadot Inc,02/02/2018 08:43,02/02/2027 08:43,
990afb5e-1688-43ba-bcb9-1e7ac0749fef,termination.life,available,2.98,46.48,high,low,11,namecheap,,,04/09/2026 07:49
85303fbe-c858-45ef-bb93-534c24cfa859,toxic.life,resell,,,high,low,5,Xin Net Technology Corporation,24/05/2023 15:15,24/05/2027 15:15,
534da57f-03db-4b33-b151-10cf809e4730,laura.life,resell,,,high,low,5,"DNSPod, Inc.",11/11/2018 14:08,11/11/2026 14:08,
e54b7c99-1172-464d-a576-afc95ff9d6d9,virtually.life,resell,,,high,low,9,GoDaddy Online Services Cayman Islands Ltd.,26/10/2015 22:30,26/10/2026 22:30,
bdb50718-b827-456d-ba0e-b15838ba42d9,mini.life,available,,,high,low,4,,,,
3837ba1f-01fa-45bb-8d56-b28e0ad610c5,surprise.life,resell,,,high,low,8,Xin Net Technology Corporation,04/08/2021 23:47,04/08/2027 23:47,20/09/2026 12:07
0a7a24a3-fbb9-4149-8e22-05404053e4c8,interview.life,resell,,,high,low,9,"Chengdu West Dimension Digital Technology Co., Ltd.",24/04/2018 09:42,24/04/2027 09:42,
c1a98317-a5be-42f4-99f0-bc7ac79787fb,automobile.life,resell,,,high,low,10,"Chengdu West Dimension Digital Technology Co., Ltd.",20/05/2023 15:15,20/05/2027 15:15,24/09/2026 06:55
875b685e-cd43-42ef-9c7a-7c71cf1d1ead,kookie.life,available,,,medium,low,6,,,,
63b9a47b-a776-45d5-a64e-c81c21a0e489,acne.life,resell,,,high,low,4,"Sav.com, LLC - 19",12/11/2025 15:15,12/11/2026 15:15,
a2229364-20b1-44cd-ab9e-b8985dda4fbe,aramaic.life,available,2.98,46.48,high,low,7,namecheap,,,06/08/2026 12:13
67f0898b-631e-449f-924a-dcea8d557813,asiatic.life,available,2.98,46.48,medium,low,7,namecheap,,,07/08/2026 02:29
f461d51f-beec-43f7-a6a5-ab7088a5efda,retracted.life,available,2.99,,medium,low,9,name.com,,,
afcd5ff1-bc5e-42e7-88fb-e30606870575,slighting.life,available,2.98,46.48,medium,low,9,namecheap,,,09/08/2026 13:15
239c1d04-7a2d-4d61-b3b3-2955a0f3d8ad,affixal.life,available,2.98,46.48,medium,low,7,namecheap,,,
66727924-46d2-46d0-aa2f-d146470d6db3,humongous.life,available,2.98,46.48,medium,low,9,namecheap,,,08/08/2026 12:58
a034a435-be36-41f2-a111-4215a0addda4,masses.life,available,2.99,,high,low,6,name.com,,,
cef0b08b-597c-4205-9d21-3e6e1a0324a2,standing.life,resell,,,high,low,8,Xin Net Technology Corporation,27/03/2023 17:00,27/03/2027 17:00,
4604eae8-f2d8-4a76-ab82-3f94029a062f,holes.life,available,2.99,,high,low,5,name.com,,,
b21ef87e-7acd-4e30-9b1d-1f978c71a884,rarefy.life,available,2.98,46.48,medium,low,6,namecheap,,,07/08/2026 15:31
a65bf084-7739-478b-b91d-63ebd8eb06e2,brought.life,available,2.99,35.99,medium,low,7,namesilo,,,
f4a92f95-1fe4-4c1a-a703-5950c5ddd818,turncoat.life,available,2.98,46.48,medium,low,8,namecheap,,,06/08/2026 03:49
f1e13d67-e7af-49d2-96cd-cf03d50eb914,verbs.life,available,2.99,,medium,low,5,name.com,,,
878b14a7-7aea-4cea-af46-64718afc39b0,soldier.life,premium,46.2,92.4,high,low,7,namecheap,,,
59f7df9f-626b-441e-9850-05b4840111ad,pestilent.life,available,2.98,46.48,medium,low,9,namecheap,,,08/08/2026 12:06
40548578-4de7-455d-b48c-c78126f34872,toll.life,available,,,medium,low,4,,,,
26ce1007-334a-435a-8619-4219519df5c6,sounded.life,available,2.99,,medium,low,7,name.com,,,
c87082ac-9b4f-415b-8beb-59aeb0e765c8,james.life,resell,,,high,medium,5,"DNSPod, Inc.",30/07/2025 15:16,30/07/2027 15:16,20/09/2026 04:46
63d33297-1353-4cdc-ba60-143170984ca2,abashed.life,available,2.98,46.48,medium,low,7,namecheap,,,
c1409d32-5125-4a91-8de6-843bf78915dd,monstrous.life,available,2.98,46.48,medium,low,9,namecheap,,,07/08/2026 14:47
c495890d-40e5-4270-9147-008fa777ba8b,militant.life,available,2.98,46.48,high,low,8,namecheap,,,
1c728f6d-08f1-421e-902c-e03ee51af4f2,informally.life,available,2.99,,medium,low,10,name.com,,,
3408a5d7-eeee-4479-b45e-dac07c4be9cb,throw.life,resell,,,high,low,5,"Sav.com, LLC - 38",08/09/2025 15:15,08/09/2026 15:15,
94bcf137-cad4-4fae-aef9-67625ed245ba,amniotic.life,available,2.98,46.48,medium,low,8,namecheap,,,
8fda8d63-b1a4-4565-bc1a-afeb6e4ab0db,crayola.life,available,,,high,low,7,,,,
0f7e388d-9e2b-425d-941d-c0998f7af273,upstart.life,available,2.99,,high,low,7,name.com,,,
47c2bfc9-1719-47bd-ad36-b543b05d56f2,chimney.life,resell,,,high,low,7,"DNSPod, Inc.",07/11/2024 17:00,07/11/2026 17:00,
c1c39c6e-f2ad-4be6-a979-973cba199efc,scratched.life,available,2.99,,medium,low,9,name.com,,,
57d05ec7-22ff-4df4-bc7e-f2833cf7c6e6,greg.life,resell,,,high,low,4,Dynadot Inc,04/07/2018 08:42,04/07/2027 08:42,17/09/2026 14:32
d782bbda-460b-49fa-8e15-bfbe4f56b65c,fibre.life,resell,,,high,low,5,Xin Net Technology Corporation,04/02/2020 20:45,04/02/2027 20:45,
563bb116-f724-4d1a-89de-4c571867e505,conspiracy.life,resell,,,high,low,10,"Sav.com, LLC - 23",01/11/2025 15:15,01/11/2026 15:15,
1c2f500d-e246-4f8e-a923-eb7babbea0f1,baritone.life,available,2.98,46.48,medium,low,8,namecheap,,,08/08/2026 19:36
659d0ec0-6900-4a6d-b6d0-667aa9fd94ed,bars.life,resell,,,high,low,4,Squarespace Domains II LLC,11/01/2024 15:15,11/01/2027 15:15,
59e020be-8f69-4d0d-a93b-0a051613a279,anuran.life,available,2.98,46.48,medium,low,6,namecheap,,,05/08/2026 20:48
1161cbf4-276d-4ca4-a943-657346ceb58d,provider.life,resell,,,high,low,8,Dynadot Inc,10/06/2018 11:33,10/06/2026 11:33,
4d38b042-d85f-4c5f-b309-92d8e924d0ad,don.life,resell,,,high,low,3,"Sav.com, LLC - 6",26/11/2025 15:15,26/11/2026 15:15,
5a5fc3a4-5b0f-4277-b81f-f959372014c3,check.life,resell,,,high,medium,5,"DNSPod, Inc.",10/05/2024 15:15,10/05/2027 15:15,04/09/2026 07:44
9b74c5f7-4f73-4354-900a-161812954aef,azure.life,available,,,high,low,5,,,,
7b4239a4-dbc6-48e4-a0c6-47945d4d19e1,google.life,available,,,high,medium,6,,,,
4a9408cb-5eef-45f8-a2ed-7b8530375781,commonly.life,available,2.99,35.99,high,low,8,namesilo,,,
1c477c24-740d-4b23-8abd-6659fcce0083,norwegian.life,premium,69.3,138.6,high,low,9,namecheap,,,
31af52e8-875f-411a-bbf6-e9194173037f,xxxiii.life,available,2.98,46.48,medium,low,6,namecheap,,,
6792b905-af20-4487-895c-c0ad6045c42d,virulent.life,available,2.98,46.48,medium,low,8,namecheap,,,
ea251f59-9ea8-4d38-93a5-bc11c18abd9a,patriotic.life,resell,,,high,low,9,"Sav.com, LLC",10/10/2025 19:50,10/10/2026 19:50,
cf3898f0-01d7-47d1-8dd0-e484fc94f00c,astound.life,available,2.99,35.99,high,low,7,namesilo,,,
3c76bb23-13e9-41b4-a394-ae64287291b1,execrable.life,available,2.98,46.48,medium,low,9,namecheap,,,
c17b77e5-5c9a-4783-aadd-3cf2f4a94586,spirits.life,resell,,,high,low,7,"Chengdu West Dimension Digital Technology Co., Ltd.",06/01/2024 15:15,06/01/2027 15:15,
36c9180e-2d36-41a7-899d-0541a410172e,marooned.life,available,2.99,,medium,low,8,name.com,,,
508f593e-7924-4390-a01b-5933c17e362d,dissent.life,available,2.99,35.99,high,low,7,namesilo,,,
845662e2-d7de-43c5-9488-c4cad76b8372,vacation.life,resell,,,high,low,8,"Chengdu West Dimension Digital Technology Co., Ltd.",18/04/2020 06:45,18/04/2027 06:45,
5ab0f86e-4a71-4e04-9ce4-d275a828a546,touching.life,resell,,,high,low,8,"DNSPod, Inc.",09/10/2019 08:38,09/10/2026 08:38,
fdc5e30d-c662-49a3-a287-fe76066217e0,dslr.life,available,2.99,35.99,high,low,4,namesilo,,,
c163c503-8d8d-4a10-b204-26af96f7aa50,beefy.life,available,,,medium,low,5,,,,
76173cd2-b3fc-42ea-9865-404ce28b3dd2,tasting.life,resell,,,high,low,7,"DNSPod, Inc.",03/10/2018 20:14,03/10/2026 20:14,
b111856a-78ac-4c18-a98c-7ef9ec9bd5f0,saw.life,premium,46.2,92.4,high,low,3,namecheap,,,
4fcf10ee-00b6-47fd-8c86-0525fb457c14,heaven.life,resell,,,high,low,6,"Chengdu West Dimension Digital Technology Co., Ltd.",11/02/2018 07:59,11/02/2027 07:59,
d924205e-ceaf-490a-b0a7-52286e6a7942,belated.life,available,2.98,46.48,medium,low,7,namecheap,,,09/08/2026 12:37
4648886b-3afb-406d-85e5-201cd8c86b19,pup.life,resell,,,high,low,3,Xin Net Technology Corporation,01/09/2018 08:21,01/09/2027 08:21,23/09/2026 22:01
55ab6341-fa38-45b2-9148-1cd8abdc6c29,roads.life,resell,,,high,low,5,"DNSPod, Inc.",09/12/2020 08:14,09/12/2026 08:14,
e5b0decb-a6f5-4b8a-b0ce-afaf39b177fd,spheric.life,available,2.98,46.48,medium,low,7,namecheap,,,08/08/2026 10:16
ab55d964-2ca7-427a-8bdf-f88cb8eca4c6,moi.life,resell,,,high,low,3,Dynadot Inc,04/08/2018 15:26,04/08/2027 15:26,20/09/2026 11:55
2d1458cd-25ca-4ec2-809c-a14d41930781,collarbone.life,available,2.99,35.99,medium,low,11,namesilo,,,
43cedd91-b595-48a0-a5b0-37cea22bb607,taxes.life,resell,,,medium,low,5,"GoDaddy.com, LLC",18/03/2024 19:18,18/03/2027 19:18,
8f11687c-1e51-4630-8c99-8f4ba925663d,bahai.life,resell,,,high,low,5,"Sav.com, LLC - 34",26/07/2026 15:15,26/07/2027 15:15,08/08/2026 08:27
b66d214b-f400-4058-a6b5-909633b30d74,maledict.life,available,2.98,46.48,low,low,8,namecheap,,,
833280d8-8a51-45ce-83bd-fb3adeeadae1,vaccination.life,available,2.99,,high,low,11,name.com,,,
af9cd5e5-dd79-48bb-b3b9-af3513ddb3cc,fascinating.life,resell,,,high,low,11,"Sav.com, LLC - 34",27/09/2025 15:15,27/09/2026 15:15,
9742b7ec-4711-4b58-beea-29c5569e82e0,oversee.life,available,2.99,,high,low,7,name.com,,,
20111789-3ac5-48c8-9edc-b2d404023ca2,thorny.life,available,2.98,46.48,medium,low,6,namecheap,,,08/08/2026 17:55
9d0d9607-38f1-4ef9-9915-2cb0929f3b73,gaslighter.life,available,2.99,35.99,medium,low,11,namesilo,,,
04aa8698-3b78-4678-9f6c-ef37a070e4e1,lonely.life,resell,,,high,low,6,"Chengdu West Dimension Digital Technology Co., Ltd.",25/11/2016 13:22,25/11/2029 13:22,
a9702c1a-096c-4e6a-b30b-5ce85d7a4261,agitated.life,available,2.98,46.48,high,low,8,namecheap,,,
f9fae950-0c69-4005-87c6-51f12de642e0,weeks.life,resell,,,high,low,5,"Xiamen ChinaSource Internet Service Co., Ltd",25/02/2026 15:16,25/02/2027 15:16,
b56a0277-365b-4f09-886e-88967a462fb6,shifting.life,resell,,,high,low,8,"DNSPod, Inc.",22/12/2023 15:15,22/12/2026 15:15,
2ac0e0b2-df0b-4182-9a5f-2e8b9a349b3e,shaft.life,available,2.99,,high,low,5,name.com,,,
6b4d1bb8-8736-47af-ac92-523f084477a8,complicate.life,resell,,,high,low,10,"Sav.com, LLC",08/11/2025 17:01,08/11/2026 17:01,08/09/2026 14:25
aae60e06-f9b1-40ea-9d1a-6a62173c8392,initially.life,available,2.99,,high,low,9,name.com,,,
4757e414-7b89-438a-b575-661a92b844e1,month.life,resell,,,high,low,5,Dynadot Inc,25/06/2018 11:18,25/06/2027 11:18,
1550ed7e-c105-48ef-a686-41d27f261b62,autotelic.life,available,,,high,low,9,,,,
76d636e0-429e-46a1-8770-e9ae375a0f6a,protective.life,resell,,,high,low,10,Xin Net Technology Corporation,28/08/2024 17:00,28/08/2027 17:00,22/09/2026 19:33
395ceb1f-23c0-457f-be82-89df85673e82,parents.life,resell,,,high,low,7,"DNSPod, Inc.",08/11/2019 12:20,08/11/2026 12:20,
6e9d2036-d7ff-447d-9b5e-9ad4bcfdf1ba,sympathetic.life,available,2.99,,high,low,11,name.com,,,
0b7e54a9-df18-4545-8da5-78182b85c60e,dewy.life,available,,,high,low,4,,,,
b70d2606-7ca1-48cf-ad5a-baa0aa6032cb,chair.life,resell,,,high,low,5,"Chengdu West Dimension Digital Technology Co., Ltd.",22/01/2019 19:16,22/01/2027 19:16,
4d204901-f671-4a02-912b-0329c6deb3ac,aramean.life,available,2.98,46.48,high,low,7,namecheap,,,06/08/2026 12:02
956f850a-02e2-4e1e-959b-40012b881b2a,ancillary.life,available,2.98,46.48,high,low,9,namecheap,,,
e4447cbb-c703-4718-8f25-e3baf49fcd1d,prompting.life,available,2.99,,high,low,9,name.com,,,
71683190-e601-4f34-9e1c-b2a4cf2996bb,doubling.life,available,2.99,35.99,high,low,8,namesilo,,,
d3f073f6-e7bd-448f-8ab4-3270d4e74326,condiment.life,available,2.99,35.99,high,low,9,namesilo,,,
348bec32-f24d-40d3-bd28-d4b35cd88c38,disagree.life,available,2.99,35.99,high,low,8,namesilo,,,
5dc2f65a-c31c-4d67-9215-6a1c372e45d9,reader.life,resell,,,high,low,6,Xin Net Technology Corporation,20/02/2021 08:53,20/02/2027 08:53,
d51c77d5-c595-4b18-838b-cde4581554ec,greetings.life,resell,,,high,low,9,"GMO Internet Group, Inc. d/b/a Onamae.com",09/09/2025 16:32,09/09/2026 16:32,
6684b66e-e7ef-41e6-94b5-5bbbe9780c46,journeyman.life,resell,,,high,low,10,"DNSPod, Inc.",26/02/2021 09:59,26/02/2027 09:59,
f357db79-ec4f-440c-bb53-be4d8022d638,worsening.life,available,2.99,,medium,low,9,name.com,,,
ef3035ca-6101-4de8-83a7-efc5b6686e93,departure.life,resell,,,high,low,9,UM DOMAINS PTE. LTD,26/03/2026 15:15,26/03/2027 15:15,08/09/2026 12:08
c9e06c13-54db-4ed7-b1b4-b479104bc3f5,striking.life,resell,,,high,low,8,Dynadot Inc,08/12/2025 06:51,08/12/2026 06:51,
20838ec2-273f-426f-a6a9-a29bbf4e1d34,apoplectic.life,available,2.98,46.48,medium,low,10,namecheap,,,06/08/2026 03:29
e46de1c7-51e9-4e26-98b9-96e542d74762,undisciplined.life,available,2.99,,medium,low,13,name.com,,,
80d89225-937f-4562-8b67-56cddb2c8ac2,omega.life,available,,,high,low,5,,,,
f08db631-3edf-4599-8d7b-38c7148a1bef,autumn.life,resell,,,high,low,6,Xin Net Technology Corporation,07/05/2025 15:15,07/05/2028 15:15,24/09/2026 06:55
32abbf88-2635-47ab-93bb-30cbd35f7bcc,disc.life,resell,,,high,low,4,"DNSPod, Inc.",09/09/2023 15:15,09/09/2026 15:15,
537a9f7f-74a7-4ea2-9e32-1acd2221f7f7,fleshly.life,available,2.98,46.48,medium,low,7,namecheap,,,
9387a202-b953-4e91-9ffc-62a0bcab04e9,ultimately.life,available,2.99,,high,low,10,name.com,,,
3e03785a-2a06-4d95-b895-952e858ae0c6,disparity.life,available,2.99,35.99,high,low,9,namesilo,,,
4db7270e-cec7-4df8-a3f7-b629c9470787,fig.life,premium,46.2,92.4,high,low,3,namecheap,,,
4197452d-abb4-4a94-b026-d83be21f741d,rules.life,resell,,,high,low,5,Xin Net Technology Corporation,28/07/2024 17:00,28/07/2027 17:00,20/09/2026 02:43
86634dd8-8ff5-4f24-ae29-08e24b8a122d,sundress.life,available,2.99,,high,low,8,name.com,,,
fb297702-b660-42ae-9899-7637ca6e3843,assume.life,available,2.99,35.99,high,low,6,namesilo,,,
7591b157-8a0b-49b6-afec-cf8e407a9df8,nyt.life,available,,,high,low,3,,,,
fa280156-d698-44a4-8aff-77798b8425d0,jerky.life,resell,,,high,low,5,"Xiamen ChinaSource Internet Service Co., Ltd",18/11/2025 15:15,18/11/2026 15:15,06/08/2026 22:03
8245640d-8850-46ff-adbf-4bbc29a4affe,knowledgeable.life,resell,,,high,low,13,Dynadot Inc,08/12/2025 06:51,08/12/2026 06:51,
7797ce55-6e95-4722-a382-02a3411f51e5,city.life,available,,,high,low,4,,,,
0801426c-529d-4d73-818c-bc1c89b22501,tuesday.life,resell,,,high,low,7,"Sav.com, LLC",07/12/2025 19:05,07/12/2026 19:05,
c224c5e2-fd87-4f6a-8170-6982525c1b97,hairbrush.life,available,2.99,,high,low,10,name.com,,,
2159c6f9-33ba-4d59-943e-0a388e1bed35,allergenic.life,available,2.98,46.48,medium,low,10,namecheap,,,
7df0176d-f1f4-4cd6-b9bf-dfd78a3b2ee9,anechoic.life,available,2.98,46.48,medium,low,8,namecheap,,,
78d68175-6918-4dc5-89e3-3aaa0226bf17,leather.life,resell,,,high,low,7,"DNSPod, Inc.",09/12/2018 06:40,09/12/2026 06:40,
c85ca4a5-8b34-4af8-a112-2c1838e3af5a,attend.life,resell,,,high,low,6,Dynadot5 LLC,29/09/2025 15:15,29/09/2026 15:15,
34d1d3a6-5e7b-4b43-9b0a-74e0d45280ec,expression.life,resell,,,high,low,10,Xin Net Technology Corporation,17/07/2019 01:59,17/07/2027 01:59,19/09/2026 09:23
6fb8ab3b-9ba9-4bb1-8eb2-1bf4752743ab,acronym.life,resell,,,high,low,7,"Sav.com, LLC - 46",26/10/2025 15:16,26/10/2026 15:16,
bd148377-c8d3-4c8b-868c-d62c584f2d1f,repulsive.life,available,2.98,46.48,medium,low,9,namecheap,,,
869bdc33-6ab0-4cf2-8b43-6d0e3bdc15a7,bit.life,resell,,,high,medium,3,Alibaba Cloud Computing Ltd. d/b/a HiChina (www.net.cn),21/11/2021 13:15,21/11/2028 13:15,
3acf7edc-c5cf-46ff-8cfa-7b2453bff27b,stung.life,available,2.98,46.48,medium,low,5,namecheap,,,
7e62cdd0-488f-4ae8-9982-fa798d395d86,cucumber.life,available,2.99,,high,low,8,name.com,,,
6afb9994-c1b2-4980-a701-1ffaa1813a92,suggest.life,resell,,,high,low,7,Xin Net Technology Corporation,08/07/2021 00:40,08/07/2027 00:40,17/09/2026 21:39
87abad69-1940-4a0f-aaf9-e1e9377bf1f9,diverting.life,available,2.98,46.48,high,low,9,namecheap,,,
d6a656cf-dd03-4d52-9b43-3f3a18b39c61,motivation.life,resell,,,high,low,10,"DNSPod, Inc.",03/12/2022 15:15,03/12/2026 15:15,
36edeb98-041b-4157-957b-445aba8c7de7,bayesian.life,available,,,medium,low,8,,,,
e4e14752-3964-4e11-b336-2565bd515ce1,describe.life,resell,,,high,low,8,"Spaceship, Inc.",03/12/2025 09:06,03/12/2026 09:06,
5ce4573d-21e1-4eb9-aa90-2369dcfa4d95,peeled.life,available,2.98,46.48,medium,low,6,namecheap,,,08/08/2026 18:24
d0708bb8-663d-4248-a700-4f0983e18c5d,nitid.life,available,2.98,46.48,medium,low,5,namecheap,,,
1196c69c-89ae-4d63-bf2b-7fe40a6b4af8,mobile.life,resell,,,high,medium,6,"Chengdu West Dimension Digital Technology Co., Ltd.",16/09/2018 09:48,16/09/2030 09:48,
4eae96ed-12f7-44d4-a3e8-4d770fe2f89a,expedite.life,resell,,,high,low,8,Alibaba Cloud Computing Ltd. d/b/a HiChina (www.net.cn),17/06/2022 13:15,17/06/2026 13:15,
01227758-47e4-499e-acbf-2b61ca91d8c8,absolutist.life,available,2.98,46.48,high,low,10,namecheap,,,
34ddd001-8f10-4e33-af4c-2f7125a70707,sequent.life,available,2.98,46.48,high,low,7,namecheap,,,
74e35151-1926-4fb2-91e1-3246d4a950a2,adipose.life,available,2.98,46.48,medium,low,7,namecheap,,,
49bf122b-6d1e-4989-a25e-35fd48840bdd,bulb.life,resell,,,high,low,4,"DNSPod, Inc.",31/10/2018 08:25,31/10/2026 08:25,
3168ac19-5e0e-4cc3-9198-d60c078622f7,galaxy.life,resell,,,high,medium,6,"DNSPod, Inc.",15/09/2018 23:21,15/09/2026 23:21,
c83cf901-97d0-4e19-84cb-f810dae15dae,universally.life,available,,,high,low,11,,,,
1bd32b01-a0f9-4215-9d9b-d4196d9158a6,economy.life,resell,,,high,low,7,Xin Net Technology Corporation,03/09/2018 23:18,03/09/2027 23:18,08/09/2026 12:29
4f89708b-ca16-4637-8c20-035c61b7a610,acyclic.life,available,2.98,46.48,medium,low,7,namecheap,,,
4649f24b-c416-4812-8ce7-29f57161b1d2,distinction.life,available,2.99,35.99,high,low,11,namesilo,,,
ebd55521-767d-4c91-af5e-16a47b7ad8ea,momentum.life,resell,,,high,medium,8,"GoDaddy.com, LLC",10/03/2018 19:44,10/03/2027 19:44,
8d6365f3-792f-4a1b-9c6d-5bfd5d5be684,squinty.life,available,2.98,46.48,medium,low,7,namecheap,,,07/08/2026 03:20
3763ff8c-6076-4c72-9c96-7245b39c0580,clxv.life,available,2.98,46.48,medium,low,4,namecheap,,,
40a92030-b187-4f53-980b-08b9b33e2c2f,islands.life,resell,,,high,low,7,Xin Net Technology Corporation,13/08/2020 02:20,13/08/2027 02:20,20/09/2026 19:54
c1bc4683-1155-4045-acfc-10b6b406d2cc,division.life,resell,,,high,low,8,Xin Net Technology Corporation,29/02/2020 02:39,28/02/2027 02:39,
a42d4ec1-5afc-468f-996a-3cb59017cdd2,facilitating.life,available,2.99,35.99,medium,low,12,namesilo,,,
eb2ddfd2-3ed9-4b90-800d-8ecf8124fc5d,rid.life,premium,46.2,92.4,high,low,3,namecheap,,,
f3ca5de5-8568-4099-b7af-e197e97eb3e2,corner.life,resell,,,high,low,6,Xin Net Technology Corporation,03/04/2019 10:13,03/04/2027 10:13,
4f968351-a0ad-4648-afa3-a544b02d9a9a,hype.life,resell,,,high,medium,4,"DNSPod, Inc.",25/04/2025 15:15,25/04/2027 15:15,
cd30a7b0-6501-4cd5-a095-637eed45ee6c,aperiodic.life,available,2.98,46.48,medium,low,9,namecheap,,,05/08/2026 22:30
2cb7deb0-2a2c-437c-949f-38c6a3583909,untrustworthy.life,available,2.99,,low,low,13,name.com,,,
df1c847f-d30b-4837-9f9a-2642f922d4b6,seemly.life,available,2.98,46.48,medium,low,6,namecheap,,,09/08/2026 06:27
b442feba-751b-4acc-b2e1-6fe62030f2cb,radical.life,resell,,,high,low,7,"Chengdu West Dimension Digital Technology Co., Ltd.",21/03/2018 09:14,21/03/2027 09:14,08/08/2026 21:21
708244b7-b57b-483b-9fd3-504a4fa9ecb6,recognizable.life,available,2.99,,high,low,12,name.com,,,
c822ca7c-9683-4ea7-ab48-8a79f14ffe11,carrying.life,available,2.99,35.99,high,low,8,namesilo,,,
4274613a-9854-40ab-9548-f49f71d4ff3b,bullet.life,resell,,,high,low,6,"Chengdu West Dimension Digital Technology Co., Ltd.",13/11/2019 08:29,13/11/2026 08:29,
13639d6b-ed53-4c9c-9167-d7bebbcc31d5,channel.life,resell,,,high,low,7,"Spaceship, Inc.",28/10/2023 15:15,28/10/2026 15:15,
55c28c0f-7e1f-4944-8fde-ec84d7e2af05,election.life,resell,,,high,low,8,"DNSPod, Inc.",01/05/2022 13:15,01/05/2027 13:15,
d0f5dc8d-f77d-448e-b56d-b9c8eeb88bfe,reported.life,available,2.99,,high,low,8,name.com,,,
f6aecae9-f79d-41d8-a777-d878e2e05f8e,affective.life,available,,,high,low,9,,,,
095f5fd0-0b7a-4e8e-bf90-8b9c0abaf735,stand.life,resell,,,high,low,5,Xin Net Technology Corporation,04/04/2019 21:11,04/04/2027 21:11,
19ce181c-c6c9-4ac5-983d-f00addb8e21f,grimy.life,available,2.98,46.48,low,low,5,namecheap,,,09/08/2026 09:25
1302a8f4-5767-4466-89a2-3195c5c4e25a,flaring.life,available,2.98,46.48,high,low,7,namecheap,,,
94c81f49-e81e-4b45-b2bb-7ba5881517a7,ted.life,resell,,,high,low,3,Dynadot Inc,25/03/2018 10:26,25/03/2027 10:26,
5a951a13-7394-4e2e-b358-b1d01812e677,lvii.life,available,,,medium,low,4,,,,
21b2eadd-66b0-4b9b-b84f-5ff071dad93b,summoned.life,available,2.99,,medium,low,8,name.com,,,
693afb84-b539-4e82-b7da-5e29b63af8b9,astringent.life,available,2.98,46.48,medium,low,10,namecheap,,,
a3e11aea-5955-463d-8cd6-9bcc60c59d94,visibility.life,resell,,,high,low,10,"Sav.com, LLC - 19",03/11/2025 15:15,03/11/2026 15:15,
5ac2b8c0-68fa-4269-8a79-17697c8f9e30,americas.life,resell,,,high,low,8,"Sav.com, LLC - 32",27/12/2025 15:15,27/12/2026 15:15,
0b436975-5458-4ddb-a19a-6dfe6dd80ab0,nettled.life,available,2.98,46.48,medium,low,7,namecheap,,,
5b7d0ed8-8ecd-42b4-b7b9-98194c051c5a,distract.life,available,2.99,35.99,high,low,8,namesilo,,,
55c4518a-f6ce-4291-b9b5-9036c6b4aa28,mothafucka.life,available,2.99,,medium,low,10,name.com,,,
1923ae79-570f-4fe4-b7b4-3271493743df,prosecution.life,available,2.99,,high,low,11,name.com,,,
6a38b90d-f295-4b12-bca2-8ac6885b8de5,email.life,resell,,,high,medium,6,"Global Domains International, Inc. DBA DomainCostClub.com",20/07/2015 00:51,20/07/2027 00:51,19/09/2026 14:25
a693bde2-a83f-458b-95bf-2fbf6338f3db,use.life,resell,,,high,low,3,"Sav.com, LLC",14/01/2021 14:30,14/01/2027 14:30,
95d05f84-c2a7-40d2-8728-cfe3a9f67e22,autumnal.life,available,2.98,46.48,medium,low,8,namecheap,,,07/08/2026 21:23
46409f9c-f820-4046-be05-bf390bc7562d,kidney.life,resell,,,high,low,6,"Xiamen ChinaSource Internet Service Co., Ltd",28/10/2019 04:55,28/10/2026 04:55,
3ee8a6b4-e368-4fc1-87e7-ce736eb73100,pronounce.life,available,2.99,,high,low,9,name.com,,,
65d47e09-8a51-44e6-92c3-80a548954abf,publicly.life,available,2.99,,high,low,8,name.com,,,
3a8621a2-d15b-4fe4-ad82-56991016318f,oriented.life,available,2.99,,high,low,8,name.com,,,
9ee5dc50-d3dc-4169-9714-bd8e69c52822,fla.life,resell,,,high,low,3,"DNSPod, Inc.",08/04/2025 15:15,08/04/2027 15:15,
5897b3de-2fa4-4375-bbde-3ea7ecc729c6,crab.life,resell,,,high,low,4,"DNSPod, Inc.",03/03/2024 15:15,03/03/2027 15:15,
558ab7c0-836a-4085-97c5-4bd138be67bd,armada.life,resell,,,high,low,6,Dynadot Inc,19/11/2018 08:38,19/11/2026 08:38,
74de9678-9bf3-41b9-b779-66ab5f846270,alkalizer.life,available,2.98,46.48,high,low,9,namecheap,,,
01495423-d220-48a2-bd4c-43bd5a5727e0,dorsal.life,available,2.98,46.48,high,low,6,namecheap,,,
5b926e04-ff6b-4b0f-ba00-375b82c73fd0,specially.life,available,2.99,,medium,low,9,name.com,,,
72e8b376-656d-4b50-b9cd-6235978b0d88,ideal.life,resell,,,high,low,5,"Chengdu West Dimension Digital Technology Co., Ltd.",28/09/2014 13:38,28/09/2026 13:38,
a343032a-0762-4148-a9a8-d92c19d305bf,taal.life,available,,,high,low,4,,,,
3315eb5e-3836-40f8-97ae-e46bd27d3118,barefaced.life,available,2.98,46.48,medium,low,9,namecheap,,,08/08/2026 09:20
2b5c6320-8e7a-4fda-b1d3-49864cb06e81,canal.life,resell,,,high,low,5,"Xiamen ChinaSource Internet Service Co., Ltd",15/11/2021 13:15,15/11/2026 13:15,
366a8341-af6f-4ea4-bdc1-c3c6d9c118c4,incorrect.life,available,2.99,,high,low,9,name.com,,,
eedde1ae-05ae-4ef4-baca-463930016831,loss.life,resell,,,high,low,4,Dynadot Inc,15/12/2017 05:59,15/12/2026 05:59,
57f3272a-1a1f-476e-8a6f-e458b8257517,ever.life,resell,,,high,medium,4,"Sav.com, LLC",10/03/2017 08:48,10/03/2027 08:48,
5a6e33c6-d0b6-427f-b724-dcd235c61e0f,anticipated.life,available,2.98,46.48,high,low,11,namecheap,,,08/09/2026 14:34
770ee444-81ba-4596-9cb0-7816d159f628,assurgent.life,available,2.98,46.48,low,low,9,namecheap,,,07/08/2026 08:26
c1b515bf-1285-4507-a582-9e5af09a3945,coffeeman.life,available,2.99,35.99,high,low,9,namesilo,,,
ac4e9693-4754-4d68-a1b1-cec8de190d29,whoever.life,available,2.99,,medium,low,7,name.com,,,
a081f417-df06-4f1b-a923-d4f05b81588a,batrachian.life,available,2.98,46.48,low,low,10,namecheap,,,05/08/2026 20:53
83dfdfb7-2715-45ba-91c8-318ca12e8c82,namely.life,available,2.99,,medium,low,6,name.com,,,
02db191a-e31d-479d-b142-819730cf2bdf,bahrain.life,available,,,high,low,7,,,,
6079464b-511b-4452-80ba-f75d8bf47f0a,messy.life,resell,,,high,low,5,"Chengdu West Dimension Digital Technology Co., Ltd.",13/10/2020 22:51,13/10/2026 22:51,
fcc919da-e761-490f-9f57-e55cb558d211,afghan.life,premium,64.35,128.7,high,low,6,namecheap,,,
4a17610e-d208-4dc3-aa7a-b6fb14109be9,org.life,resell,,,high,medium,3,Tucows Domains Inc.,04/10/2017 13:30,04/10/2026 13:30,
2bca2c41-2b45-4b8b-988d-ed25a61bbe9d,burly.life,resell,,,medium,low,5,Dynadot Inc,08/12/2025 06:51,08/12/2026 06:51,09/08/2026 07:54
416d8792-db2a-41b0-91e2-1920f02c026b,fairs.life,available,2.99,35.99,high,low,5,namesilo,,,
ddb746f8-36be-4e8b-8803-475545fdd643,passive.life,resell,,,high,low,7,Dynadot Inc,27/02/2018 08:24,27/02/2027 08:24,
9b1a7b10-52c4-4581-b280-895ad13863b6,roll.life,resell,,,high,low,4,"DNSPod, Inc.",22/12/2023 15:15,22/12/2026 15:15,
22dfe65d-d983-4679-a5bc-769d8315fe48,criticise.life,available,2.99,35.99,high,low,9,namesilo,,,
fe7377bc-1c63-4edd-8501-4b078386a70f,camper.life,resell,,,high,high,6,"Spaceship, Inc.",17/03/2017 06:51,17/03/2027 06:51,
1ab1d02b-d1f1-4ab4-979a-ba21208a7744,abridged.life,available,2.98,46.48,high,low,8,namecheap,,,
7067fb14-601e-4b6d-bec2-8f251b30a224,appreciative.life,available,2.99,,high,low,12,name.com,,,
8980b43a-429d-4125-8851-bca6203031fa,prolific.life,resell,,,high,low,8,Xin Net Technology Corporation,05/04/2023 15:15,05/04/2027 15:15,
7bea8247-4f42-4e96-a877-bcd228bcc42b,xxxii.life,available,2.98,46.48,medium,low,5,namecheap,,,
3da02616-b919-44ee-94a5-2d05334ba451,shrek.life,available,,,high,low,5,,,,
6675209b-9765-4d73-b3bd-669aa9fd6543,barring.life,available,2.99,35.99,medium,low,7,namesilo,,,
e68781aa-b270-4216-af48-b2d5f67ceb9d,bashful.life,available,,,high,low,7,,,,
88eb1236-393b-46b6-a7a8-facf5ed38913,bonkers.life,available,,,medium,low,7,,,,
706ab1e9-f71b-4c08-9ee7-7e96ed0ec87e,baric.life,available,2.98,46.48,low,low,5,namecheap,,,08/08/2026 19:31
f1fbb144-fc68-4a3a-a168-1cba1fd97951,sweets.life,resell,,,high,low,6,Xin Net Technology Corporation,13/08/2024 15:15,13/08/2027 15:15,20/09/2026 20:22
8882f896-8877-4296-a314-99dfd4a7a45e,cxx.life,available,2.98,46.48,high,low,3,namecheap,,,
c8f52c8b-898a-4619-a6bb-3860e2411295,press.life,resell,,,high,low,5,"Spaceship, Inc.",06/06/2017 07:43,06/06/2026 07:43,
64e0e639-4d55-4098-a500-600b39a8f99d,currently.life,available,2.99,,high,low,9,name.com,,,
1a8bde4a-c992-4105-a122-3eed8a2223bf,illness.life,available,2.99,,high,low,7,name.com,,,
985694f2-ca1c-4bbe-9b4a-21a75b399d1d,unkeyed.life,available,2.98,46.48,low,low,7,namecheap,,,07/08/2026 13:50
00d28523-a91b-44b9-b087-c3283f71b013,believable.life,available,2.98,46.48,high,low,10,namecheap,,,09/08/2026 13:01